index,name,flag_url,cc,asn_count,url
1,United States,https://bgp.he.net/images/flags/us.gif?1282328089,US,"31,935",https://bgp.he.net/country/US
2,Brazil,https://bgp.he.net/images/flags/br.gif?1282328040,BR,"10,344",https://bgp.he.net/country/BR
3,China,https://bgp.he.net/images/flags/cn.gif?1282328046,CN,"6,842",https://bgp.he.net/country/CN
4,Russian Federation,https://bgp.he.net/images/flags/ru.gif?1282328083,RU,"6,593",https://bgp.he.net/country/RU
5,India,https://bgp.he.net/images/flags/in.gif?1282328066,IN,"5,992",https://bgp.he.net/country/IN
6,United Kingdom,https://bgp.he.net/images/flags/gb.gif?1282328062,GB,"3,832",https://bgp.he.net/country/GB
7,Indonesia,https://bgp.he.net/images/flags/id.gif?1282328065,ID,"3,542",https://bgp.he.net/country/ID
8,Germany,https://bgp.he.net/images/flags/de.gif?1282328059,DE,"3,497",https://bgp.he.net/country/DE
9,Australia,https://bgp.he.net/images/flags/au.gif?1282328038,AU,"3,122",https://bgp.he.net/country/AU
10,Poland,https://bgp.he.net/images/flags/pl.gif?1282328081,PL,"2,755",https://bgp.he.net/country/PL
11,Canada,https://bgp.he.net/images/flags/ca.gif?1282328042,CA,"2,479",https://bgp.he.net/country/CA
12,Ukraine,https://bgp.he.net/images/flags/ua.gif?1282328089,UA,"2,362",https://bgp.he.net/country/UA
13,France,https://bgp.he.net/images/flags/fr.gif?1282328062,FR,"2,246",https://bgp.he.net/country/FR
14,Bangladesh,https://bgp.he.net/images/flags/bd.gif?1282328039,BD,"1,859",https://bgp.he.net/country/BD
15,Netherlands,https://bgp.he.net/images/flags/nl.gif?1282328075,NL,"1,756",https://bgp.he.net/country/NL
16,Italy,https://bgp.he.net/images/flags/it.gif?1282328067,IT,"1,499",https://bgp.he.net/country/IT
17,Romania,https://bgp.he.net/images/flags/ro.gif?1282328083,RO,"1,390",https://bgp.he.net/country/RO
18,Hong Kong,https://bgp.he.net/images/flags/hk.gif?1282328065,HK,"1,389",https://bgp.he.net/country/HK
19,Spain,https://bgp.he.net/images/flags/es.gif?1282328060,ES,"1,369",https://bgp.he.net/country/ES
20,Argentina,https://bgp.he.net/images/flags/ar.gif?1282328037,AR,"1,321",https://bgp.he.net/country/AR
21,Japan,https://bgp.he.net/images/flags/jp.gif?1282328067,JP,"1,312",https://bgp.he.net/country/JP
22,Switzerland,https://bgp.he.net/images/flags/ch.gif?1282328045,CH,"1,178",https://bgp.he.net/country/CH
23,"Korea, Republic of",https://bgp.he.net/images/flags/kr.gif?1282328068,KR,"1,175",https://bgp.he.net/country/KR
24,Turkey,https://bgp.he.net/images/flags/tr.gif?1282328088,TR,"1,089",https://bgp.he.net/country/TR
25,Sweden,https://bgp.he.net/images/flags/se.gif?1282328084,SE,"1,008",https://bgp.he.net/country/SE
26,South Africa,https://bgp.he.net/images/flags/za.gif?1282328093,ZA,913,https://bgp.he.net/country/ZA
27,Viet Nam,https://bgp.he.net/images/flags/vn.gif?1282328091,VN,887,https://bgp.he.net/country/VN
28,Bulgaria,https://bgp.he.net/images/flags/bg.gif?1282328039,BG,883,https://bgp.he.net/country/BG
29,"Iran, Islamic Republic of",https://bgp.he.net/images/flags/ir.gif?1282328067,IR,861,https://bgp.he.net/country/IR
30,Austria,https://bgp.he.net/images/flags/at.gif?1282328037,AT,835,https://bgp.he.net/country/AT
31,New Zealand,https://bgp.he.net/images/flags/nz.gif?1282328076,NZ,755,https://bgp.he.net/country/NZ
32,Mexico,https://bgp.he.net/images/flags/mx.gif?1282328074,MX,743,https://bgp.he.net/country/MX
33,Czech Republic,https://bgp.he.net/images/flags/cz.gif?1282328059,CZ,741,https://bgp.he.net/country/CZ
34,Singapore,https://bgp.he.net/images/flags/sg.gif?1282328084,SG,733,https://bgp.he.net/country/SG
35,Thailand,https://bgp.he.net/images/flags/th.gif?1282328087,TH,651,https://bgp.he.net/country/TH
36,Philippines,https://bgp.he.net/images/flags/ph.gif?1282328077,PH,651,https://bgp.he.net/country/PH
37,Denmark,https://bgp.he.net/images/flags/dk.gif?1282328059,DK,515,https://bgp.he.net/country/DK
38,Colombia,https://bgp.he.net/images/flags/co.gif?1282328046,CO,502,https://bgp.he.net/country/CO
39,Taiwan,https://bgp.he.net/images/flags/tw.gif?1282328088,TW,492,https://bgp.he.net/country/TW
40,Belgium,https://bgp.he.net/images/flags/be.gif?1282328039,BE,443,https://bgp.he.net/country/BE
41,Norway,https://bgp.he.net/images/flags/no.gif?1282328076,NO,430,https://bgp.he.net/country/NO
42,Chile,https://bgp.he.net/images/flags/cl.gif?1282328045,CL,429,https://bgp.he.net/country/CL
43,Finland,https://bgp.he.net/images/flags/fi.gif?1282328061,FI,423,https://bgp.he.net/country/FI
44,Israel,https://bgp.he.net/images/flags/il.gif?1282328066,IL,410,https://bgp.he.net/country/IL
45,Malaysia,https://bgp.he.net/images/flags/my.gif?1282328074,MY,405,https://bgp.he.net/country/MY
46,Pakistan,https://bgp.he.net/images/flags/pk.gif?1282328081,PK,402,https://bgp.he.net/country/PK
47,European Union,https://bgp.he.net/images/flags/eu.gif?1282328061,EU,372,https://bgp.he.net/country/EU
48,Latvia,https://bgp.he.net/images/flags/lv.gif?1282328070,LV,350,https://bgp.he.net/country/LV
49,Hungary,https://bgp.he.net/images/flags/hu.gif?1282328065,HU,350,https://bgp.he.net/country/HU
50,Ireland,https://bgp.he.net/images/flags/ie.gif?1282328066,IE,341,https://bgp.he.net/country/IE
51,Nigeria,https://bgp.he.net/images/flags/ng.gif?1282328075,NG,330,https://bgp.he.net/country/NG
52,Slovenia,https://bgp.he.net/images/flags/si.gif?1282328084,SI,320,https://bgp.he.net/country/SI
53,Greece,https://bgp.he.net/images/flags/gr.gif?1282328064,GR,285,https://bgp.he.net/country/GR
54,Ecuador,https://bgp.he.net/images/flags/ec.gif?1282328060,EC,253,https://bgp.he.net/country/EC
55,Kenya,https://bgp.he.net/images/flags/ke.gif?1282328068,KE,250,https://bgp.he.net/country/KE
56,Slovakia,https://bgp.he.net/images/flags/sk.gif?1282328085,SK,243,https://bgp.he.net/country/SK
57,Estonia,https://bgp.he.net/images/flags/ee.gif?1282328060,EE,237,https://bgp.he.net/country/EE
58,Lithuania,https://bgp.he.net/images/flags/lt.gif?1282328070,LT,235,https://bgp.he.net/country/LT
59,"Venezuela, Bolivarian Republic of",https://bgp.he.net/images/flags/ve.gif?1282328090,VE,232,https://bgp.he.net/country/VE
60,Iraq,https://bgp.he.net/images/flags/iq.gif?1282328066,IQ,232,https://bgp.he.net/country/IQ
61,"Moldova, Republic of",https://bgp.he.net/images/flags/md.gif?1282328071,MD,228,https://bgp.he.net/country/MD
62,Serbia,https://bgp.he.net/images/flags/rs.gif?1282328083,RS,223,https://bgp.he.net/country/RS
63,Kazakhstan,https://bgp.he.net/images/flags/kz.gif?1282328069,KZ,221,https://bgp.he.net/country/KZ
64,Peru,https://bgp.he.net/images/flags/pe.gif?1282328077,PE,217,https://bgp.he.net/country/PE
65,Saudi Arabia,https://bgp.he.net/images/flags/sa.gif?1282328083,SA,206,https://bgp.he.net/country/SA
66,Nepal,https://bgp.he.net/images/flags/np.gif?1282328076,NP,205,https://bgp.he.net/country/NP
67,Lebanon,https://bgp.he.net/images/flags/lb.gif?1282328069,LB,191,https://bgp.he.net/country/LB
68,Croatia,https://bgp.he.net/images/flags/hr.gif?1282328065,HR,186,https://bgp.he.net/country/HR
69,Cyprus,https://bgp.he.net/images/flags/cy.gif?1282328059,CY,182,https://bgp.he.net/country/CY
70,Dominican Republic,https://bgp.he.net/images/flags/do.gif?1282328059,DO,176,https://bgp.he.net/country/DO
71,Portugal,https://bgp.he.net/images/flags/pt.gif?1282328082,PT,175,https://bgp.he.net/country/PT
72,Panama,https://bgp.he.net/images/flags/pa.gif?1282328077,PA,173,https://bgp.he.net/country/PA
73,Myanmar,https://bgp.he.net/images/flags/mm.gif?1282328072,MM,168,https://bgp.he.net/country/MM
74,Georgia,https://bgp.he.net/images/flags/ge.gif?1282328062,GE,168,https://bgp.he.net/country/GE
75,United Arab Emirates,https://bgp.he.net/images/flags/ae.gif?1282328036,AE,162,https://bgp.he.net/country/AE
76,Cambodia,https://bgp.he.net/images/flags/kh.gif?1282328068,KH,159,https://bgp.he.net/country/KH
77,Belarus,https://bgp.he.net/images/flags/by.gif?1282328041,BY,146,https://bgp.he.net/country/BY
78,Luxembourg,https://bgp.he.net/images/flags/lu.gif?1282328070,LU,139,https://bgp.he.net/country/LU
79,Armenia,https://bgp.he.net/images/flags/am.gif?1282328037,AM,139,https://bgp.he.net/country/AM
80,Ghana,https://bgp.he.net/images/flags/gh.gif?1282328062,GH,137,https://bgp.he.net/country/GH
81,Albania,https://bgp.he.net/images/flags/al.gif?1282328036,AL,129,https://bgp.he.net/country/AL
82,"Tanzania, United Republic of",https://bgp.he.net/images/flags/tz.gif?1282328089,TZ,126,https://bgp.he.net/country/TZ
83,Costa Rica,https://bgp.he.net/images/flags/cr.gif?1282328058,CR,123,https://bgp.he.net/country/CR
84,Honduras,https://bgp.he.net/images/flags/hn.gif?1282328065,HN,118,https://bgp.he.net/country/HN
85,Egypt,https://bgp.he.net/images/flags/eg.gif?1282328060,EG,116,https://bgp.he.net/country/EG
86,Puerto Rico,https://bgp.he.net/images/flags/pr.gif?1282328082,PR,115,https://bgp.he.net/country/PR
87,Uzbekistan,https://bgp.he.net/images/flags/uz.gif?1282328090,UZ,113,https://bgp.he.net/country/UZ
88,Paraguay,https://bgp.he.net/images/flags/py.gif?1282328082,PY,109,https://bgp.he.net/country/PY
89,Seychelles,https://bgp.he.net/images/flags/sc.gif?1282328084,SC,108,https://bgp.he.net/country/SC
90,Iceland,https://bgp.he.net/images/flags/is.gif?1282328067,IS,102,https://bgp.he.net/country/IS
91,Azerbaijan,https://bgp.he.net/images/flags/az.gif?1282328038,AZ,98,https://bgp.he.net/country/AZ
92,Guatemala,https://bgp.he.net/images/flags/gt.gif?1282328064,GT,92,https://bgp.he.net/country/GT
93,Kuwait,https://bgp.he.net/images/flags/kw.gif?1282328069,KW,86,https://bgp.he.net/country/KW
94,Angola,https://bgp.he.net/images/flags/ao.gif?1282328037,AO,83,https://bgp.he.net/country/AO
95,Mongolia,https://bgp.he.net/images/flags/mn.gif?1282328072,MN,77,https://bgp.he.net/country/MN
96,Afghanistan,https://bgp.he.net/images/flags/af.gif?1282328036,AF,77,https://bgp.he.net/country/AF
97,Palestine,https://bgp.he.net/images/flags/ps.gif?1282328082,PS,73,https://bgp.he.net/country/PS
98,Uganda,https://bgp.he.net/images/flags/ug.gif?1282328089,UG,72,https://bgp.he.net/country/UG
99,Kyrgyzstan,https://bgp.he.net/images/flags/kg.gif?1282328068,KG,67,https://bgp.he.net/country/KG
100,"Bolivia, Plurinational State of",https://bgp.he.net/images/flags/bo.gif?1282328040,BO,67,https://bgp.he.net/country/BO
101,"Macedonia, The Former Yugoslav Republic of",https://bgp.he.net/images/flags/mk.gif?1282328072,MK,66,https://bgp.he.net/country/MK
102,Mauritius,https://bgp.he.net/images/flags/mu.gif?1282328074,MU,62,https://bgp.he.net/country/MU
103,Malta,https://bgp.he.net/images/flags/mt.gif?1282328073,MT,61,https://bgp.he.net/country/MT
104,"Congo, The Democratic Republic of the",https://bgp.he.net/images/flags/cd.gif?1282328043,CD,61,https://bgp.he.net/country/CD
105,Bosnia and Herzegovina,https://bgp.he.net/images/flags/ba.gif?1282328038,BA,61,https://bgp.he.net/country/BA
106,Jordan,https://bgp.he.net/images/flags/jo.gif?1282328067,JO,56,https://bgp.he.net/country/JO
107,El Salvador,https://bgp.he.net/images/flags/sv.gif?1282328086,SV,54,https://bgp.he.net/country/SV
108,Belize,https://bgp.he.net/images/flags/bz.gif?1282328041,BZ,48,https://bgp.he.net/country/BZ
109,"Virgin Islands, British",https://bgp.he.net/images/flags/vg.gif?1282328090,VG,47,https://bgp.he.net/country/VG
110,Uruguay,https://bgp.he.net/images/flags/uy.gif?1282328090,UY,46,https://bgp.he.net/country/UY
111,Zimbabwe,https://bgp.he.net/images/flags/zw.gif?1282328093,ZW,42,https://bgp.he.net/country/ZW
112,Lao People's Democratic Republic,https://bgp.he.net/images/flags/la.gif?1282328069,LA,42,https://bgp.he.net/country/LA
113,Papua New Guinea,https://bgp.he.net/images/flags/pg.gif?1282328077,PG,41,https://bgp.he.net/country/PG
114,Cameroon,https://bgp.he.net/images/flags/cm.gif?1282328046,CM,41,https://bgp.he.net/country/CM
115,Mozambique,https://bgp.he.net/images/flags/mz.gif?1282328074,MZ,40,https://bgp.he.net/country/MZ
116,Curaçao,https://bgp.he.net/images/flags/cw.gif?1361307263,CW,40,https://bgp.he.net/country/CW
117,Malawi,https://bgp.he.net/images/flags/mw.gif?1282328074,MW,38,https://bgp.he.net/country/MW
118,Botswana,https://bgp.he.net/images/flags/bw.gif?1282328041,BW,38,https://bgp.he.net/country/BW
119,Rwanda,https://bgp.he.net/images/flags/rw.gif?1282328083,RW,35,https://bgp.he.net/country/RW
120,Nicaragua,https://bgp.he.net/images/flags/ni.gif?1282328075,NI,35,https://bgp.he.net/country/NI
121,Bhutan,https://bgp.he.net/images/flags/bt.gif?1282328040,BT,35,https://bgp.he.net/country/BT
122,Libya,https://bgp.he.net/images/flags/ly.gif?1343786277,LY,34,https://bgp.he.net/country/LY
123,Burkina Faso,https://bgp.he.net/images/flags/bf.gif?1282328039,BF,34,https://bgp.he.net/country/BF
124,Tajikistan,https://bgp.he.net/images/flags/tj.gif?1282328087,TJ,33,https://bgp.he.net/country/TJ
125,Morocco,https://bgp.he.net/images/flags/ma.gif?1282328071,MA,33,https://bgp.he.net/country/MA
126,Gibraltar,https://bgp.he.net/images/flags/gi.gif?1282328063,GI,33,https://bgp.he.net/country/GI
127,Zambia,https://bgp.he.net/images/flags/zm.gif?1282328093,ZM,32,https://bgp.he.net/country/ZM
128,Tunisia,https://bgp.he.net/images/flags/tn.gif?1282328087,TN,32,https://bgp.he.net/country/TN
129,Côte d'Ivoire,https://bgp.he.net/images/flags/ci.gif?1282328045,CI,32,https://bgp.he.net/country/CI
130,Sri Lanka,https://bgp.he.net/images/flags/lk.gif?1282328070,LK,31,https://bgp.he.net/country/LK
131,Montenegro,https://bgp.he.net/images/flags/me.gif?1282328071,ME,30,https://bgp.he.net/country/ME
132,Bahrain,https://bgp.he.net/images/flags/bh.gif?1282328039,BH,30,https://bgp.he.net/country/BH
133,South Sudan,https://bgp.he.net/images/flags/ss.gif?1360084805,SS,28,https://bgp.he.net/country/SS
134,Liechtenstein,https://bgp.he.net/images/flags/li.gif?1282328070,LI,28,https://bgp.he.net/country/LI
135,Isle of Man,https://bgp.he.net/images/flags/im.gif?1282328066,IM,28,https://bgp.he.net/country/IM
136,Sierra Leone,https://bgp.he.net/images/flags/sl.gif?1282328085,SL,27,https://bgp.he.net/country/SL
137,Somalia,https://bgp.he.net/images/flags/so.gif?1282328085,SO,25,https://bgp.he.net/country/SO
138,Bermuda,https://bgp.he.net/images/flags/bm.gif?1282328039,BM,25,https://bgp.he.net/country/BM
139,Qatar,https://bgp.he.net/images/flags/qa.gif?1282328083,QA,24,https://bgp.he.net/country/QA
140,Benin,https://bgp.he.net/images/flags/bj.gif?1282328039,BJ,24,https://bgp.he.net/country/BJ
141,Oman,https://bgp.he.net/images/flags/om.gif?1282328076,OM,23,https://bgp.he.net/country/OM
142,Algeria,https://bgp.he.net/images/flags/dz.gif?1282328059,DZ,21,https://bgp.he.net/country/DZ
143,Congo,https://bgp.he.net/images/flags/cg.gif?1282328044,CG,21,https://bgp.he.net/country/CG
144,Chad,https://bgp.he.net/images/flags/td.gif?1282328086,TD,20,https://bgp.he.net/country/TD
145,New Caledonia,https://bgp.he.net/images/flags/nc.gif?1282328075,NC,20,https://bgp.he.net/country/NC
146,Namibia,https://bgp.he.net/images/flags/na.gif?1282328075,NA,20,https://bgp.he.net/country/NA
147,Guinea,https://bgp.he.net/images/flags/gn.gif?1282328063,GN,20,https://bgp.he.net/country/GN
148,Gabon,https://bgp.he.net/images/flags/ga.gif?1282328062,GA,20,https://bgp.he.net/country/GA
149,Fiji,https://bgp.he.net/images/flags/fj.gif?1282328061,FJ,20,https://bgp.he.net/country/FJ
150,Maldives,https://bgp.he.net/images/flags/mv.gif?1282328074,MV,18,https://bgp.he.net/country/MV
151,Liberia,https://bgp.he.net/images/flags/lr.gif?1282328070,LR,18,https://bgp.he.net/country/LR
152,Antigua and Barbuda,https://bgp.he.net/images/flags/ag.gif?1282328036,AG,18,https://bgp.he.net/country/AG
153,Senegal,https://bgp.he.net/images/flags/sn.gif?1282328085,SN,17,https://bgp.he.net/country/SN
154,Trinidad and Tobago,https://bgp.he.net/images/flags/tt.gif?1282328088,TT,16,https://bgp.he.net/country/TT
155,Swaziland,https://bgp.he.net/images/flags/sz.gif?1282328086,SZ,16,https://bgp.he.net/country/SZ
156,Macao,https://bgp.he.net/images/flags/mo.gif?1282328072,MO,16,https://bgp.he.net/country/MO
157,Timor-Leste,https://bgp.he.net/images/flags/tl.gif?1282328087,TL,15,https://bgp.he.net/country/TL
158,Cayman Islands,https://bgp.he.net/images/flags/ky.gif?1282328069,KY,15,https://bgp.he.net/country/KY
159,Haiti,https://bgp.he.net/images/flags/ht.gif?1282328065,HT,15,https://bgp.he.net/country/HT
160,Vanuatu,https://bgp.he.net/images/flags/vu.gif?1282328091,VU,14,https://bgp.he.net/country/VU
161,Sudan,https://bgp.he.net/images/flags/sd.gif?1282328084,SD,14,https://bgp.he.net/country/SD
162,Bahamas,https://bgp.he.net/images/flags/bs.gif?1282328040,BS,14,https://bgp.he.net/country/BS
163,Madagascar,https://bgp.he.net/images/flags/mg.gif?1282328071,MG,13,https://bgp.he.net/country/MG
164,Jamaica,https://bgp.he.net/images/flags/jm.gif?1282328067,JM,13,https://bgp.he.net/country/JM
165,Jersey,https://bgp.he.net/images/flags/je.gif?1282328067,JE,13,https://bgp.he.net/country/JE
166,Gambia,https://bgp.he.net/images/flags/gm.gif?1282328063,GM,13,https://bgp.he.net/country/GM
167,Samoa,https://bgp.he.net/images/flags/ws.gif?1282328091,WS,12,https://bgp.he.net/country/WS
168,"Virgin Islands, U.S.",https://bgp.he.net/images/flags/vi.gif?1282328090,VI,12,https://bgp.he.net/country/VI
169,San Marino,https://bgp.he.net/images/flags/sm.gif?1282328085,SM,12,https://bgp.he.net/country/SM
170,Solomon Islands,https://bgp.he.net/images/flags/sb.gif?1282328084,SB,12,https://bgp.he.net/country/SB
171,Mali,https://bgp.he.net/images/flags/ml.gif?1282328072,ML,12,https://bgp.he.net/country/ML
172,Guernsey,https://bgp.he.net/images/flags/gg.gif?1282328062,GG,12,https://bgp.he.net/country/GG
173,Burundi,https://bgp.he.net/images/flags/bi.gif?1282328039,BI,12,https://bgp.he.net/country/BI
174,Lesotho,https://bgp.he.net/images/flags/ls.gif?1282328070,LS,11,https://bgp.he.net/country/LS
175,Guam,https://bgp.he.net/images/flags/gu.gif?1282328064,GU,11,https://bgp.he.net/country/GU
176,Cape Verde,https://bgp.he.net/images/flags/cv.gif?1282328058,CV,11,https://bgp.he.net/country/CV
177,Togo,https://bgp.he.net/images/flags/tg.gif?1282328086,TG,10,https://bgp.he.net/country/TG
178,RÉUNION,https://bgp.he.net/images/flags/re.gif?1282328083,RE,10,https://bgp.he.net/country/RE
179,Niger,https://bgp.he.net/images/flags/ne.gif?1282328075,NE,10,https://bgp.he.net/country/NE
180,Guadeloupe,https://bgp.he.net/images/flags/gp.gif?1282328063,GP,10,https://bgp.he.net/country/GP
181,Grenada,https://bgp.he.net/images/flags/gd.gif?1282328062,GD,10,https://bgp.he.net/country/GD
182,Brunei Darussalam,https://bgp.he.net/images/flags/bn.gif?1282328040,BN,10,https://bgp.he.net/country/BN
183,Barbados,https://bgp.he.net/images/flags/bb.gif?1282328038,BB,10,https://bgp.he.net/country/BB
184,Mauritania,https://bgp.he.net/images/flags/mr.gif?1282328073,MR,9,https://bgp.he.net/country/MR
185,Saint Kitts and Nevis,https://bgp.he.net/images/flags/kn.gif?1282328068,KN,9,https://bgp.he.net/country/KN
186,Faroe Islands,https://bgp.he.net/images/flags/fo.gif?1282328061,FO,9,https://bgp.he.net/country/FO
187,Ethiopia,https://bgp.he.net/images/flags/et.gif?1282328060,ET,9,https://bgp.he.net/country/ET
188,Suriname,https://bgp.he.net/images/flags/sr.gif?1282328085,SR,8,https://bgp.he.net/country/SR
189,Saint Lucia,https://bgp.he.net/images/flags/lc.gif?1282328069,LC,8,https://bgp.he.net/country/LC
190,Equatorial Guinea,https://bgp.he.net/images/flags/gq.gif?1282328063,GQ,8,https://bgp.he.net/country/GQ
191,Dominica,https://bgp.he.net/images/flags/dm.gif?1282328059,DM,8,https://bgp.he.net/country/DM
192,Turkmenistan,https://bgp.he.net/images/flags/tm.gif?1282328087,TM,7,https://bgp.he.net/country/TM
193,Palau,https://bgp.he.net/images/flags/pw.gif?1282328082,PW,7,https://bgp.he.net/country/PW
194,Saint Martin (French part),,MF,7,https://bgp.he.net/country/MF
195,Guyana,https://bgp.he.net/images/flags/gy.gif?1282328065,GY,7,https://bgp.he.net/country/GY
196,French Guiana,https://bgp.he.net/images/flags/gf.gif?1282328062,GF,7,https://bgp.he.net/country/GF
197,Cuba,https://bgp.he.net/images/flags/cu.gif?1282328058,CU,7,https://bgp.he.net/country/CU
198,Yemen,https://bgp.he.net/images/flags/ye.gif?1282328092,YE,6,https://bgp.he.net/country/YE
199,Syrian Arab Republic,https://bgp.he.net/images/flags/sy.gif?1282328086,SY,6,https://bgp.he.net/country/SY
200,French Polynesia,https://bgp.he.net/images/flags/pf.gif?1282328077,PF,6,https://bgp.he.net/country/PF
201,Martinique,https://bgp.he.net/images/flags/mq.gif?1282328073,MQ,6,https://bgp.he.net/country/MQ
202,Marshall Islands,https://bgp.he.net/images/flags/mh.gif?1282328072,MH,6,https://bgp.he.net/country/MH
203,"Micronesia, Federated States of",https://bgp.he.net/images/flags/fm.gif?1282328061,FM,6,https://bgp.he.net/country/FM
204,Djibouti,https://bgp.he.net/images/flags/dj.gif?1282328059,DJ,6,https://bgp.he.net/country/DJ
205,"Bonaire, Sint Eustatius and Saba",,BQ,6,https://bgp.he.net/country/BQ
206,Tonga,https://bgp.he.net/images/flags/to.gif?1282328088,TO,5,https://bgp.he.net/country/TO
207,Nauru,https://bgp.he.net/images/flags/nr.gif?1282328076,NR,5,https://bgp.he.net/country/NR
208,Aruba,https://bgp.he.net/images/flags/aw.gif?1282328038,AW,5,https://bgp.he.net/country/AW
209,Anguilla,https://bgp.he.net/images/flags/ai.gif?1282328036,AI,5,https://bgp.he.net/country/AI
210,Saint Vincent and the Grenadines,https://bgp.he.net/images/flags/vc.gif?1282328090,VC,4,https://bgp.he.net/country/VC
211,Sint Maarten (Dutch part),,SX,4,https://bgp.he.net/country/SX
212,Kiribati,https://bgp.he.net/images/flags/ki.gif?1282328068,KI,4,https://bgp.he.net/country/KI
213,Central African Republic,https://bgp.he.net/images/flags/cf.gif?1282328044,CF,4,https://bgp.he.net/country/CF
214,Holy See (Vatican City State),https://bgp.he.net/images/flags/va.gif?1282328090,VA,3,https://bgp.he.net/country/VA
215,Tuvalu,https://bgp.he.net/images/flags/tv.gif?1282328088,TV,3,https://bgp.he.net/country/TV
216,Tokelau,https://bgp.he.net/images/flags/tk.gif?1282328087,TK,3,https://bgp.he.net/country/TK
217,Monaco,https://bgp.he.net/images/flags/mc.gif?1282328071,MC,3,https://bgp.he.net/country/MC
218,Saint Barthélemy,,BL,3,https://bgp.he.net/country/BL
219,American Samoa,https://bgp.he.net/images/flags/as.gif?1282328037,AS,3,https://bgp.he.net/country/AS
220,Andorra,https://bgp.he.net/images/flags/ad.gif?1282328035,AD,3,https://bgp.he.net/country/AD
221,Turks and Caicos Islands,https://bgp.he.net/images/flags/tc.gif?1282328086,TC,2,https://bgp.he.net/country/TC
222,Sao Tome and Principe,https://bgp.he.net/images/flags/st.gif?1282328085,ST,2,https://bgp.he.net/country/ST
223,Norfolk Island,https://bgp.he.net/images/flags/nf.gif?1282328075,NF,2,https://bgp.he.net/country/NF
224,Northern Mariana Islands,https://bgp.he.net/images/flags/mp.gif?1282328073,MP,2,https://bgp.he.net/country/MP
225,Comoros,https://bgp.he.net/images/flags/km.gif?1282328068,KM,2,https://bgp.he.net/country/KM
226,Guinea-Bissau,https://bgp.he.net/images/flags/gw.gif?1282328064,GW,2,https://bgp.he.net/country/GW
227,Falkland Islands (Malvinas),https://bgp.he.net/images/flags/fk.gif?1282328061,FK,2,https://bgp.he.net/country/FK
228,Cook Islands,https://bgp.he.net/images/flags/ck.gif?1282328045,CK,2,https://bgp.he.net/country/CK
229,,https://bgp.he.net/images/flags/ap.gif?1282328093,AP,2,https://bgp.he.net/country/AP
230,Mayotte,https://bgp.he.net/images/flags/yt.gif?1282328092,YT,1,https://bgp.he.net/country/YT
231,Wallis and Futuna,https://bgp.he.net/images/flags/wf.gif?1282328091,WF,1,https://bgp.he.net/country/WF
232,United Kingdom,https://bgp.he.net/images/flags/uk.gif?1282328089,UK,1,https://bgp.he.net/country/UK
233,Saint Pierre and Miquelon,https://bgp.he.net/images/flags/pm.gif?1282328081,PM,1,https://bgp.he.net/country/PM
234,Niue,https://bgp.he.net/images/flags/nu.gif?1282328076,NU,1,https://bgp.he.net/country/NU
235,Montserrat,https://bgp.he.net/images/flags/ms.gif?1282328073,MS,1,https://bgp.he.net/country/MS
236,"Korea, Democratic People's Republic of",https://bgp.he.net/images/flags/kp.gif?1282328068,KP,1,https://bgp.he.net/country/KP
237,British Indian Ocean Territory,https://bgp.he.net/images/flags/io.gif?1282328066,IO,1,https://bgp.he.net/country/IO
238,Greenland,https://bgp.he.net/images/flags/gl.gif?1282328063,GL,1,https://bgp.he.net/country/GL
239,Eritrea,https://bgp.he.net/images/flags/er.gif?1282328060,ER,1,https://bgp.he.net/country/ER
240,Åland Islands,https://bgp.he.net/images/flags/ax.gif?1282328038,AX,1,https://bgp.he.net/country/AX
241,Netherlands Antilles,https://bgp.he.net/images/flags/an.gif?1282328037,AN,1,https://bgp.he.net/country/AN
