"ProviderID","name","addresses","router_server_asns"
"899","Peering LAN","149.112.3.0/24, 2001:504:14::/64",
"1242","Peering LAN","149.112.74.0/24, 2001:504:132::/64",
"323","","",
"488","Peering LAN","200.0.18.0/24, 2001:13c7:6003::/64",
"586","","",
"981","","103.115.147.0/24, 2001:de8:c000::/64",
"737","Asteroid Amsterdam IX Peering LAN","185.1.94.0/24, 2001:7f8:b6:0::/64",
"2","CUG-COLLAB","195.69.144.128/26",
"2","GRX","193.105.101.0/25, 2001:7f8:86:1::/64",
"2","IPX","193.105.101.192/26, 2001:7f8:86:2::/64",
"2","IPX-Diameter","193.105.101.128/26, 2001:7f8:86:3::/64",
"2","ISP","2001:7f8:1::/64, 80.249.208.0/21",
"2","MAPS","195.69.144.0/26",
"2","MDX","195.60.82.128/26",
"2","NaWas","194.62.128.0/24, 2001:67c:608::/64",
"2","sla-probes","",
"61","GRX","",
"61","IPX","200.0.21.192/28",
"61","IPX-Diameter","",
"61","ISP","200.0.20.0/24, 2001:13c7:6004::/64",
"356","GRX","103.247.138.160/27",
"356","IPX","103.247.138.192/27",
"356","IPX-Diameter","103.247.138.224/27",
"356","ISP","103.247.139.0/25, 2001:df0:296::/64",
"356","sFlow","",
"619","ISP","2001:e48:44:100b::/64, 223.31.200.0/24",
"532","ISP","2001:504:3d:1::/64, 206.41.106.0/24",
"533","ISP","2001:504:38:1::/64, 206.108.115.0/24",
"412","ISP","2001:504:34:1::/64, 206.126.240.0/24",
"969","Peering LAN","170.82.113.0/24, 2803:C2C0::/48",
"940","Standard Peering Service ASEAN","103.162.254.0/24, 2001:df6:480::/64",
"879","Standard Peering Service SEECIX","185.1.172.0/24, 2001:7f8:f5::/64",
"564","PublicPeering","185.1.2.0/24, 2001:7f8:81::/64",
"741","BALT-IX Peering LAN","2001:1ab8:8486::/64, 77.241.206.0/24",
"587","ixp-bkk","2001:df5:b881::/64, 203.159.68.0/23",
"587","ixp-bkk-v6n","2001:deb:0:68::/64",
"892","ixp-cmi","2001:df5:b881:1::/64, 203.159.67.0/26",
"845","BatamIX Jakarta","2402:d680:1000:4::/64, 27.124.87.0/24",
"21","BCIX Peering LAN","193.178.185.0/24, 2001:7f8:19:1::/64",
"917","Standard Peering Service Barcelona","185.1.119.0/24, 2001:7f8:10a::/64",
"855","VLAN#1","185.1.136.0/24, 185.1.136.0/24, 2001:7f8:da::/64, 2001:7f8:da::/64",
"907","BFIX Bobo-Dioulasso","196.60.76.0/24",
"556","BFIX Ouagadougou","196.223.47.0/24, 2001:43f8:b60::/64",
"12","10","193.188.137.0/24",
"12","11","2001:07f8:35::/48",
"40","Peering VLAN","193.169.198.0/23, 2001:7f8:58::/64",
"4","Peering","194.53.172.0/24, 2001:7f8:26::/64",
"915","Standard Peering Service Borneo-IX","103.162.82.0/24, 2001:df6:1a80::/64",
"209","CINX-DATA","196.223.22.0/23, 2001:43f8:1f1::0/64",
"11","Peering LAN1","193.242.98.0/24, 2001:7F8:2A::/48",
"921","Charlotte","2001:504:78::/64, 206.71.143.0/24",
"852","","",
"947","Peering","201.131.206.0/24, 2806:239:206::/64",
"1234","City-IX Frankfurt","185.0.10.0/24, 2001:7f8:e2::/64",
"205","","",
"28","cixvlan1","185.1.87.0/24, 2001:7f8:28::/64",
"7","Primary peering LAN","192.65.185.0/24, 2001:7f8:1C:24A::/64",
"432","VLAN1","103.7.144.0/25, 2001:de8:1d::/64",
"477","COIX LAN1","149.112.8.0/24, 2001:504:101::/64",
"52","","206.223.143.0/24",
"186","","91.194.162.0/24",
"541","Peering","200.107.83.0/24",
"882","Vancouver LAN 1","2001:504:9c::/64, 206.83.46.0/24",
"922","Dallas","2001:504:75::/64, 206.71.139.0/24",
"522","DataIX","178.18.224.0/22, 2a03:5f80:4::0/64",
"522","DataIX-EU","178.18.236.0/22, 2a03:5f80:4:2::0/64",
"522","DataIX-KZ","178.18.235.0/24, 2a03:5f80:4:4::0/64",
"522","DataIX-UA","178.18.230.0/24, 2a03:5f80:7::0/64",
"522","DataIX-Ural","178.18.233.0/24, 2a03:5f80:4:1::0/64",
"1339","IXP-Peering","193.201.151.64/26, 2001:7f8:79::/64",
"860","MAA Peering LAN","103.228.174.0/24, 2400:d180:68::0/64",
"688","DEL Peering LAN","103.27.168.0/24, 2400:d180:67::0/64",
"1246","BLR Peering LAN","103.184.199.0/24, 2400:d180:73::0/64",
"1238","HYD Peering LAN","103.184.198.0/24, 2400:d180:72::0/64",
"689","CCU Peering LAN","103.228.172.0/24, 2400:d180:69::0/64",
"634","BOM Peering LAN","103.27.170.0/23, 2401:7500:fff6::0/64",
"943","DEN01 Peering Lan 01","149.112.18.0/24, 2001:504:109::/64",
"580","Standard Peering Service Dallas","2001:504:61::/64, 206.53.202.0/24",
"29","","192.38.7.0/24, 2001:7f8:1f::/64",
"463","DOIX-PEERING-LAN","185.1.18.0/24, 2001:67c:2b9c::/64",
"910","Standard Peering Service Ruhr-CIX","185.1.197.0/24, 2001:7f8:106::/64",
"487","DINX-DATA","196.223.30.0/23, 2001:43f8:1f2::0/64",
"565","Standard Peering Service Dusseldorf","185.1.170.0/23, 2001:7f8:9e::/64",
"373","Standard Peering Service UAE-IX","185.1.8.0/24, 2001:7f8:73::/64",
"810","Main VLAN","2602:fed2:7706::/64",
"835","EdgeIX-Adelaide","103.136.101.0/25, 2001:df0:680:2::/64",
"1232","EdgeIX-Auckland","103.180.190.0/24, 2001:df0:680:11::/64",
"839","EdgeIX-Brisbane","103.136.103.0/24, 2001:df0:680:4::/64",
"837","EdgeIX-Darwin","103.136.100.0/25, 2001:df0:680::/64",
"836","EdgeIX-Hobart","103.136.100.128/25, 2001:df0:680:1::/64",
"841","EdgeIX Melbourne","2001:df0:680:6::/64, 202.77.90.0/23",
"838","EdgeIX-Perth","103.136.102.0/24, 2001:df0:680:3::/64",
"1169","EdgeIX-Singapore","103.77.68.0/23, 2001:df0:680:10::/64",
"840","EdgeIX-Sydney","2001:df0:680:5::/64, 202.77.88.0/23",
"772","EIX Chennai Members","2001:df2:1900:3::/64, 2001:df2:1900:3::/64, 45.120.251.0/24, 45.120.251.0/24",
"683","EIX Delhi Members","2001:df2:1900:1::/64, 2001:df2:1900:1::/64, 45.120.248.0/24, 45.120.248.0/24",
"773","EIX Hyderabad Members","103.77.110.0/24, 103.77.110.0/24, 2001:df2:1900:4::/64, 2001:df2:1900:4::/64",
"771","EIX Kolkata Members","2001:df2:1900:5::/64, 2001:df2:1900:5::/64, 45.120.249.0/24, 45.120.249.0/24",
"694","EIX Mumbai Members","103.77.108.0/23, 103.77.108.0/23, 2001:df2:1900:2::/64, 2001:df2:1900:2::/64",
"169","ISP","193.232.87.0/24, 2001:7f8:20:401::/64",
"169","ISP","195.208.208.0/21, 2001:7f8:20:101::/64",
"169","ISP","194.85.107.0/24, 2001:7f8:20:301::/64",
"169","ISP","194.226.100.0/23, 2001:7f8:20:201::/64",
"169","ISP","194.226.102.0/23, 2001:7f8:20:202::/64",
"548","KAT.OpenPeering","178.216.40.0/21, 2001:7f8:5b::/64",
"436","KAT.OpenPeering","2001:678:3ac::/48, 89.46.144.0/21",
"39","99","195.42.144.0/23",
"36","","195.182.218.0/23",
"22","3","194.42.48.0/25",
"1034","ERA-IX","185.1.240.0/24, 2001:7f8:12a::/64",
"62","","",
"667","","",
"756","Peering VLAN","206.81.104.0/0, 2602:fed2:fff:ffff::/0",
"171","4","193.110.226.0/24",
"171","6","2001:7f8:7::/64",
"23","4","193.110.224.0/22",
"23","6","2001:7f8::/48",
"172","4","193.110.225.0/24",
"172","6","2001:7f8:7:2::/64",
"1259","FIX Berlin","185.0.32.0/24, 2001:7f8:14b::/64",
"150","","",
"9","Standard Peering Service Frankfurt","2001:7f8::/64, 80.81.192.0/21",
"31","","2001:7f8:47:47::/64, 77.95.71.0/24",
"434","Peering","2001:7f8:54:5::/64, 37.49.232.0/24",
"41","Peering","2001:7f8:54::/64, 37.49.236.0/22",
"946","Peering VLAN","185.1.203.0/24, 2001:7f8:10f::/64",
"807","Peering Vlan","196.223.39.0/24",
"10","Peering VLAN #1","193.136.250.0/24, 2001:7F8:A:1::/64",
"10","Peering VLAN #2","193.136.251.0/26, 2001:7F8:A:2::/64",
"10","Peering VLAN Porto","193.136.251.96/27, 2001:7F8:A:11::/64",
"92","191","196.201.2.0/24",
"92","194","196.49.14.0/24",
"752","GRIX","176.126.38.0/25, 2001:7f8:6e::/64",
"753","THESS-PEERING-LAN","185.1.123.0/25, 2001:7f8:ce::/64",
"888","Peering","168.234.79.0/24",
"888","Quarantine","168.234.79.0/24",
"47","Standard Peering Service Hamburg","185.1.210.0/23, 2001:7f8:3d::/64",
"730","HIX","196.60.44.0/24, 2001:43f8:310::0/64",
"923","Houston","2001:504:74::/64, 206.71.138.0/24",
"646","INEX Cork","185.1.69.0/24, 185.1.69.0/24, 2001:7f8:18:210::/64, 2001:7f8:18:210::/64",
"20","INEX LAN1","185.6.36.0/23, 2001:7f8:18::/64",
"645","INEX LAN2","194.88.240.0/25, 194.88.240.0/25, 2001:7f8:18:12::/64, 2001:7f8:18:12::/64",
"959","Peering LAN","185.1.205.0/24, 2001:7f8:111:42::/64",
"1248","INIXP Asia","103.115.3.0/24, 2401:3fa0::/64",
"1248","INIXP Asia Remote Sapporo","2401:3fa0:1::/64",
"872","VLAN1","2407:c280:aaaa:5000::/64",
"873","VLAN1","2407:c280:aaaa:4000::/64",
"874","VLAN1","2407:c280:aaaa:2600::/64",
"875","VLAN1","2407:c280:aaaa:7000::/64",
"871","VLAN1","2407:c280:aaaa:3000::/64",
"876","VLAN1","2407:c280:aaaa:6000::/64",
"863","VLAN1","2407:c280:aaaa:2000::/64",
"814","Peering LAN","179.0.201.2/24, 2801:17:c000:201::/64",
"1146","Peering VLAN","185.1.240.0/24, 2001:7f8:134::/48",
"37","InterLAN-IX","2001:7f8:64:225::/64, 86.104.125.0/24",
"560","Standard Peering Service Istanbul","185.1.48.0/24, 2001:7f8:3f::/64",
"1393","Peering LAN","45.68.56.0/24",
"617","","103.74.224.0/24",
"578","","185.1.71.0/25, 185.1.71.128/25, 2001:7f8:a2:8000::/50",
"1397","IX-ADL","103.48.48.0/25, 2001:dea:0:60::/64",
"572","IX-AKL","2001:dea:0:40::/64, 43.243.22.0/23",
"608","IX-ASH","206.53.170.0/24, 2606:a980:0:3::/64",
"1252","IX-ATL","206.53.169.128/26, 2606:a980:0:a::/64",
"30","IX-BER","194.9.117.0/24, 2001:7f8:8:5::/64",
"606","IX-BNE","103.26.70.0/24, 2001:dea:0:20::/64",
"1394","Peering LAN","2801:135:1::/64, 45.68.52.0/24",
"1398","IX-CHI","206.53.206.0/25, 2606:a980:0:d::/64",
"1250","IX-CLT","206.53.169.0/26, 2606:a980:0:6::/64",
"610","IX-DAL","206.53.174.0/24, 2606:a980:0:7::/64",
"650","Public Peering","2001:504:58::0/64, 206.53.175.0/24",
"340","IX-DUS","194.146.118.0/24, 2001:7f8:8::/64",
"431","IX-FRA","2001:7f8:8:20::/64, 62.69.146.0/23",
"341","IX-HAM","193.42.155.0/24, 2001:7f8:8:10::/64",
"647","IX-LAS","206.53.205.0/24, 2606:a980:0:9::/64",
"611","IX-LAX","206.53.172.0/24, 2606:a980:0:5::/64",
"563","IX-MEL","103.26.71.0/24, 2001:dea:0:30::/64",
"1253","IX-MIA","206.53.168.0/26, 2606:a980:0:b::/64",
"77","IX-MUC","194.59.190.0/24, 2001:7f8:2c:1000::/64",
"1251","IX-NYC","206.53.173.0/25, 2606:a980:0:2::/64",
"607","IX-PER","2001:dea:0:50::/64, 202.12.243.0/24",
"613","IX-SEA","206.53.171.0/24, 2606:a980:0:4::/64",
"574","IX-SIN","103.41.12.0/22, 2001:ded::/64",
"1399","IX-SJC","206.53.206.128/25, 2606:a980:0:e::/64",
"731","IX-SOF","2001:7f8:9f::/64, 91.212.235.0/24",
"570","IX-SYD","103.26.68.0/23, 2001:dea:0:10::/64",
"575","IX-TOR","206.53.203.0/24, 2606:a980:0:8::/64",
"762","CITRA","194.54.136.0/24, 2a0c:c9c0::/48",
"878","IX42 Las Vegas VLAN","2a0e:b107:b7a::/64",
"891","Peering LAN","2801:182:132::/64, 45.184.132.0/24",
"833","Peering","201.131.204.0/24, 2806:239::/48",
"1404","Peering LAN","45.68.68.0/24",
"953","ABJ-PEERING","196.216.150.0/25, 2001:43f8:bb1:150::/64",
"952","KANO-PEERING","196.216.150.128/25, 2001:43f8:bb1:150::/64",
"954","PHC-PEERING","196.216.151.0/24, 2001:43f8:bb1:151::/64",
"60","LOS-PEERING-LAN","196.216.148.0/24, 2001:43f8:bb1::/64",
"830","Peering LAN","2001:1320:cafe::/48, 201.217.14.0/24",
"965","Peering LAN","168.243.16.0/24, 2800:90:16::/64",
"890","Peering LAN","2806:30c:2021:110::/64, 45.164.110.0/24",
"764","Standard Peering Johor Bahru","103.119.235.0/24, 2403:4ac0:2::/64",
"945","","",
"95","JINX-DATA","196.60.96.0/23, 2001:43f8:1f0::0/64",
"95","JINX-VOICE","196.223.15.0/24",
"42","","210.173.176.0/24, 210.173.178.0/25, 218.100.45.0/24",
"96","Peering","196.223.25.0/24, 2001:43f8:130::/64",
"768","IXP-VLAN","185.79.213.0/24, 2a01:7640:9400::/64",
"204","","",
"49","KIXP1","196.223.21.0/24, 2001:43f8:60:1::/64",
"800","Icolo Mombasa peering vlan","196.60.68.0/24, 2001:43F8:C0:1::/64",
"78","KleyReX Peering LAN","193.189.82.0/23, 193.189.82.0/23, 2001:7f8:33::/64, 2001:7f8:33::/64",
"1061","","",
"937","Standard Peering Kuala Lumpur","103.119.234.0/24, 2403:4ac0:1::/64",
"275","ISP","194.190.119.0/24, 2001:7f8:20:801::/64",
"968","MTU 1500","149.112.26.0/24, 2a0f:607:1070::/64",
"927","LasVegas","2001:504:68::/64, 206.71.8.0/24",
"1","Main","195.66.224.0/21, 2001:7f8:4::/64",
"1","Multicast","195.66.230.0/26",
"600","Main","195.66.236.0/22, 2001:7f8:4:1::/64",
"349","Main","195.66.244.0/24, 2001:7f8:4:2::/64",
"426","Main","2001:504:31::/64, 206.55.196.0/23",
"409","Main","195.66.246.0/24, 2001:7f8:4:3::/64",
"544","Main","195.66.254.0/24, 2001:7f8:4:4::/64",
"1391","Peering LAN1","196.60.122.0/24, 2001:43f8:1720::/48",
"765","Standard Peering Service Lisbon","185.1.131.0/24, 2001:7f8:d5::/64",
"763","LNK-IX Peering VLAN","185.1.128.0/24, 2001:7f8:d3::/64",
"775","LocIX Internet Exchange","185.1.166.0/23, 185.1.166.0/23, 185.1.166.0/23, 2001:7f8:f2:e1::/64, 2001:7f8:f2:e1::/64, 2001:7f8:f2:e1::/64",
"774","Locix NL","185.1.138.0/24, 2a0c:b641:700::/64",
"18","LONAP Peering LAN #1","2001:7f8:17::/64, 5.57.80.0/22",
"681","Peering VLAN","185.1.32.0/24, 2001:7f8:8f::/64",
"58","LU-CIX Peering","188.93.170.0/23, 2001:7f8:4c::/64",
"470","Standard Peering Service Madrid","185.1.192.0/23, 2001:7f8:a0::/64",
"856","","",
"938","Standard Peering Service Malaysia","103.119.232.0/23, 2403:4ac0::/64",
"399","","",
"740","Peering LAN","206.71.142.0/24",
"164","Peering LAN","185.1.114.0/24, 2001:7f8:c5::/64",
"999","MIX Bologna","185.1.231.0/24, 2001:7f8:101:13::/64",
"1207","MIX Palermo","185.1.186.0/24, 2001:7f8:101:7::/64",
"1293","MIX Roma","185.188.83.0/24, 2001:7f8:101:14::/64",
"8","MIX-IT","2001:7f8:b:100::/64, 217.29.66.0/23",
"584","","185.1.44.0/24, 2001:7f8:22::/48",
"559","Standard Peering Service Marseille","185.1.47.0/24, 2001:7f8:36::/64",
"13","ISP","194.190.119.0/24, 2001:7f8:20:801::/64",
"13","ISP","194.85.107.0/24, 2001:7f8:20:301::/64",
"13","ISP","195.208.208.0/21, 2001:7f8:20:101::/64",
"13","ISP","193.232.140.0/24, 2001:7f8:20:501::/64",
"13","ISP","193.232.136.0/24, 2001:7f8:20:701::/64",
"13","ISP","194.226.100.0/23, 2001:7f8:20:201::/64",
"13","ISP","194.226.102.0/23, 2001:7f8:20:202::/64",
"13","ISP","193.232.87.0/24, 2001:7f8:20:401::/64",
"54","Standard Peering Service Munich","185.1.208.0/23, 2001:7f8:44::/64",
"929","Nashville","149.112.15.0/24, 2001:504:107::/64",
"1033","Namex Bari Public Peering","185.1.218.0/24, 2001:7f8:11b::/64",
"17","Namex Roma Public Peering","193.201.28.0/23, 2001:7f8:10::/64",
"1400","VLAN100-PEERING-IPv4","45.68.88.0/24",
"1400","VLAN101-PEERING-IPv6","2801:18d::/64",
"216","NAPEC-GYE PRODUCCION","200.110.120.0/25, 2001:13C7:6F80:0000::/64",
"153","NAPEC-UIO PRODUCCION","200.1.6.0/25, 2001:13C7:6006:0000::/64",
"648","NAPAfrica CT1 Peering","196.60.70.0/23, 196.60.70.0/23, 2001:43f8:6d1::/64, 2001:43f8:6d1::/64",
"648","NAPAfrica MAPS Cape Town","196.46.25.0/25",
"649","NAPAfrica DB1 Peering","196.10.141.0/24, 196.10.141.0/24, 2001:43f8:6d2::/64, 2001:43f8:6d2::/64",
"351","NAPAfrica JB1 Peering","196.60.8.0/22, 196.60.8.0/22, 2001:43f8:6d0::/64, 2001:43f8:6d0::/64",
"977","","",
"901","NCL-IX","185.1.195.0/24, 2001:7f8:34::/64",
"901","NCL-IX Quarantine","185.1.195.0/24, 2001:7f8:34::/64",
"413","ISP","185.1.226.0/0, 2001:67c:29f0::/0",
"294","IX-CPH-BLUE-9000","2001:7f8:d:202::/64/64, 212.237.192.0/24/24",
"294","IX-CPH-GREEN-9000","2001:7f8:d:203::/64/64, 212.237.193.0/24/24",
"294","IX-STH-BLUE-1500","194.68.128.0/24/24, 2001:7f8:d:fe::/64/64",
"294","IX-STH-BLUE-4470","195.69.119.0/24/24, 2001:7f8:d:fb::/64/64",
"294","IX-STH-GREEN-1500","194.68.123.0/24/24, 2001:7f8:d:ff::/64/64",
"294","IX-STH-GREEN-4470","195.245.240.0/24/24, 2001:7f8:d:fc::/64/64",
"100","IX-GBG-BLUE-1500","194.68.130.0/24/24, 2001:7f8:d:100::/64/64",
"100","IX-GBG-BLUE-4470","195.69.116.0/24/24, 2001:7f8:d:101::/64/64",
"986","IX-STH-BLUE-1500","194.68.128.0/24/24, 2001:7f8:d:fe::/64/64",
"986","IX-STH-BLUE-4470","195.69.119.0/24/24, 2001:7f8:d:fb::/64/64",
"986","IX-STH-GREEN-1500","194.68.123.0/24/24, 2001:7f8:d:ff::/64/64",
"986","IX-STH-GREEN-4470","195.245.240.0/24/24, 2001:7f8:d:fc::/64/64",
"986","NETNOD-HELSINKI-IX-BLUE-9K","185.1.230.0/25/25, 2001:7f8:122::/49/49",
"986","NETNOD-HELSINKI-IX-GREEN-9K","185.1.230.128/25/25, 2001:7f8:122:8000::/49/49",
"145","IX-LUL-BLUE-9000","194.68.131.64/26/26, 2001:7f8:d:400::/64/64",
"5","IX-CPH-BLUE-9000","2001:7f8:d:202::/64/64, 212.237.192.0/24/24",
"5","IX-CPH-GREEN-9000","2001:7f8:d:203::/64/64, 212.237.193.0/24/24",
"5","IX-GBG-BLUE-1500","194.68.130.0/24/24, 2001:7f8:d:100::/64/64",
"5","IX-GBG-BLUE-4470","195.69.116.0/24/24, 2001:7f8:d:101::/64/64",
"5","IX-STH-BLUE-1500","194.68.128.0/24/24, 2001:7f8:d:fe::/64/64",
"5","IX-STH-BLUE-4470","195.69.119.0/24/24, 2001:7f8:d:fb::/64/64",
"5","IX-STH-GREEN-1500","194.68.123.0/24/24, 2001:7f8:d:ff::/64/64",
"5","IX-STH-GREEN-4470","195.245.240.0/24/24, 2001:7f8:d:fc::/64/64",
"5","IX-SVL-BLUE-1500","194.68.133.0/24/24, 2001:7f8:d:300::/64/64",
"5","IX-SVL-BLUE-4470","194.68.135.0/24/24, 2001:7f8:d:301::/64/64",
"5","NETNOD-HELSINKI-IX-BLUE-9K","185.1.230.0/25/25, 2001:7f8:122::/49/49",
"102","IX-LUL-BLUE-9000","194.68.131.64/26/26, 2001:7f8:d:400::/64/64",
"102","IX-STH-BLUE-1500","194.68.128.0/24/24, 2001:7f8:d:fe::/64/64",
"102","IX-STH-BLUE-4470","195.69.119.0/24/24, 2001:7f8:d:fb::/64/64",
"102","IX-STH-GREEN-1500","194.68.123.0/24/24, 2001:7f8:d:ff::/64/64",
"102","IX-STH-GREEN-4470","195.245.240.0/24/24, 2001:7f8:d:fc::/64/64",
"102","IX-SVL-BLUE-1500","194.68.133.0/24/24, 2001:7f8:d:300::/64/64",
"102","IX-SVL-BLUE-4470","194.68.135.0/24/24, 2001:7f8:d:301::/64/64",
"848","NIX-Service","103.146.134.0/24, 2001:df2:6080:e::/64",
"15","Peering VLAN","2001:7f8:14::/64, 91.210.16.0/22",
"552","Peering VLAN","194.30.187.0/24, 2001:7f8:91::/48",
"19","","193.156.90.0/24",
"45","","218.100.48.0/23",
"27","NL-ix","193.239.116.0/22, 2001:7f8:13::/64",
"769","NL-ix 2","185.1.122.0/24, 2001:7f8:cd::/64",
"930","Norfolk","149.112.14.0/24, 2001:504:106::/64",
"982","nnenix:multi-lateral","2001:504:76:1020::/64, 206.71.140.0/24",
"86","ISP","193.232.140.0/24, 2001:7f8:20:501::/64",
"86","ISP","193.232.87.0/24, 2001:7f8:20:401::/64",
"86","ISP","195.208.208.0/21, 2001:7f8:20:101::/64",
"86","ISP","194.226.100.0/23, 2001:7f8:20:201::/64",
"86","ISP","194.226.102.0/23, 2001:7f8:20:202::/64",
"86","ISP","194.85.107.0/24, 2001:7f8:20:301::/64",
"394","","",
"222","NWAX-A","198.32.195.0/24, 2620:124:2000::/64",
"425","Standard Peering Service New York","2001:504:36::/64, 206.82.104.0/22",
"811","OGIX-IXP","2001:504:96::/64, 206.82.110.0/23",
"850","Ohio IX Public Peering LAN","2001:504:64:100::/64, 2001:504:64:100::/64, 206.53.204.0/24, 206.53.204.0/24",
"850","Ohio IX Services","134.195.207.0/24, 2602:fd28::/36",
"1180","Core","149.112.50.0/24, 2001:504:125:e1::/64",
"902","Standard Peering Service Chicago","149.112.11.0/24, 2001:504:102::/64",
"726","","",
"410","Peering.cz VLAN","185.0.20.0/0, 2001:7f8:7f::/0",
"268","Phoenix","2001:504:3b::/64, 206.41.105.0/24",
"941","Peering LAN","2801:11:a800::/64, 45.68.0.0/24",
"761","fra","31.44.186.0/23",
"761","hls","193.27.37.0/24",
"761","msk","185.0.12.0/22",
"761","rix","193.27.39.0/24",
"761","rnd","193.27.38.0/24",
"761","spb","185.1.152.0/23",
"761","tll","37.9.49.0/24",
"729","Peering LAN #1 - 1500","2001:504:77::/64, 206.71.141.0/24",
"636","PEERING","100.128.0.0/24, 2001:db8::/64",
"558","Standard Peering Service Palermo","185.1.46.0/24, 2001:7f8:32::/64",
"847","","",
"853","QCIX Main","206.83.43.0/24",
"266","Public Peering","198.179.18.0/24, 2001:504:2d::18:0/111",
"392","","",
"924","Raleigh","2001:504:67::/64, 206.71.9.0/24",
"1000","Peering","185.1.232.0/24, 2001:7f8:123::/64",
"483","PEERING","2001:7f8:66::/64, 91.232.229.0/24",
"483","QUARANTINE","2001:7f8:66::/64, 91.232.229.0/24",
"972","Standard Peering Service Richmond","2001:504:44::/64, 206.53.137.0/24",
"925","Richmond","2001:504:79::/64, 206.80.232.0/24",
"33","RIX","195.130.211.0/26, 2001:7f8:48::/64",
"686","ISP","194.226.100.0/23, 2001:7f8:20:201::/64",
"686","ISP","194.226.102.0/23, 2001:7f8:20:202::/64",
"686","ISP","193.232.244.0/24, 2001:7f8:20:1101::/64",
"686","ISP","195.208.208.0/21, 2001:7f8:20:101::/64",
"178","ISP","195.208.208.0/21, 2001:7f8:20:101::/64",
"178","ISP","193.232.140.0/24, 2001:7f8:20:501::/64",
"846","","",
"16","","217.156.113.0/24",
"870","vLan101","185.1.179.0/24, 185.1.179.0/24, 2001:7f8:fc:3f::/64, 2001:7f8:fc:3f::/64",
"391","","",
"926","Sacramento","2001:504:70::/64, 206.71.13.0/24",
"553","","185.1.43.0/24, 2001:7f8:11::/64",
"770","","",
"1241","STIX Peering","2801:1f5::/64, 45.68.40.0/24",
"1179","Production","185.1.148.0/24, 2001:7f8:140::/64",
"1055","SBH-IX public peering LAN","149.112.32.0/24, 2001:504:118::/64",
"32","","194.68.129.0/24",
"223","SFMIX-PEERING","2001:504:30::/64, 206.197.187.0/24",
"371","Production","103.16.102.0/23, 2001:de8:12:0100::/64",
"167","","192.108.145.0/24",
"25","","2001:7f8:46::/48, 91.220.194.254/24",
"89","SIX","192.108.148.0/24, 192.108.148.0/24, 2001:7F8:2F::/64, 2001:7F8:2F::/64",
"679","MTU 9000 & multicast","2001:504:16:1::/64, 206.81.82.0/23",
"148","MTU 1500","2001:504:16::/64, 206.81.80.0/23",
"877","VLAN1","2a0e:b107:316::/64",
"88","ISP","193.232.135.0/24, 2001:7f8:20:601::/64",
"1001","SONIX Gothenburg","185.1.233.0/24, 2001:7f8:117:1::/64",
"1247","SONIX Malmo","193.201.148.128/26, 2001:7f8:117:2::/64",
"963","SONIX Stockholm","185.1.215.0/24, 2001:7f8:117::/64",
"87","ISP","193.232.140.0/24, 2001:7f8:20:501::/64",
"87","ISP","194.226.100.0/23, 2001:7f8:20:201::/64",
"87","ISP","194.226.102.0/23, 2001:7f8:20:202::/64",
"87","ISP","194.85.107.0/24, 2001:7f8:20:301::/64",
"87","ISP","195.208.208.0/21, 2001:7f8:20:101::/64",
"87","ISP","193.232.87.0/24, 2001:7f8:20:401::/64",
"898","SpeedIX","185.12.14.0/24, 2A00:1CA8:FF::/64",
"758","SR-IX","185.54.252.0/24, 2A00:7160:5::/64",
"713","CPH-PEERING","185.1.88.0/24, 2001:7f8:b0::/64",
"712","GBG-PEERING","185.1.82.0/24, 2001:7f8:ad::/64",
"144","STH-PEERING","192.121.80.0/24, 192.121.80.0/24, 2001:7f8:3e::/64, 2001:7f8:3e::/64",
"820","SDL-PEERING","185.1.142.0/24, 2001:7f8:dd::/64",
"844","UME-PEERING","185.1.157.0/24, 2001:7f8:e9::/64",
"884","Public","2001:504:98::0/64, 206.83.12.0/24",
"1225","Production Ready VLAN","103.158.187.0/24, 2a0f:5707:ffe3::/64",
"384","ISP","194.85.177.0/25, 2001:7f8:20:901::/64",
"34","Peering VLAN","2001:7f8:24::/64, 91.206.52.0/23",
"813","default","185.1.79.0/24, 2001:7f8:aa::/64",
"1257","","",
"424","Peering LAN","2001:504:60::/64, 2001:504:60::/64, 206.53.201.0/24, 206.53.201.0/24",
"1145","SCAX-IX","149.112.103.0/24, 2001:504:13D::/64",
"889","Vlan#1","185.1.29.0/24, 185.1.29.0/24, 2001:7f8:8a::/64, 2001:7f8:8a::/64",
"346","Internet - PWR Thinx (Openpeering.PL)","2001:7f8:60::/48, 212.91.0.0/22",
"50","","196.223.5.0/24, 2001:43f8::/64",
"14","Peering LAN","194.116.96.0/24, 2001:7f8:23:ffff::/64",
"163","Public Peering","2001:504:1A::34:0/111, 206.108.34.0/23",
"401","OpenPeering","195.149.232.0/22, 2001:7f8:27::/48",
"401","quarantine","195.149.232.0/22",
"864","TR-IX Denizli","185.1.158.0/24, 2001:7f8:ea::/64",
"46","Unicast Peering","195.140.192.0/24, 2001:7f8:1d:4::/64",
"536","TBD","181.188.0.240/28",
"757","TTPL Peering VLAN","103.129.62.0/26, 2001:dea:4000::/64",
"931","Tucson","2001:504:71::/64, 206.71.14.0/24",
"48","","195.35.65.0/24, 2001:7F8:5D::/116",
"829","UEPG IX MLPA","2801:80:37a0::/64, 45.186.143.0/24",
"187","Public","185.1.19.0/26, 2001:7f8:7d::/64",
"393","","",
"170","ISP","193.232.136.0/24, 2001:7f8:20:701::/64",
"38","VSIX Peering","185.1.115.0/24",
"108","","",
"1392","","",
"398","","2001:504:2f::/64, 206.126.225.0/24",
