ProviderID,network_name,addresses,route_server_asns
1153,Peering LAN,"149.112.74.0/24, 2001:504:132::/64",[]
1152,Peering LAN,"149.112.3.0/24, 2001:504:14::/64",[]
899,Asteroid Amsterdam IX Peering LAN,"185.1.94.0/24, 2001:7f8:b6:0::/64",[]
900,,,[]
123,Peering LAN,"200.0.18.0/24, 2001:13c7:6003::/64",[]
699,,"103.115.147.0/24, 2001:de8:c000::/64",[]
276,,,[]
893,GRX,"193.105.101.0/25, 2001:7f8:86:1::/64",[]
893,IPX,"193.105.101.192/26, 2001:7f8:86:2::/64",[]
893,IPX-Diameter,"193.105.101.128/26, 2001:7f8:86:3::/64",[]
893,ISP,"2001:7f8:1::/64, 80.249.208.0/21",[]
893,MAPS,195.69.144.0/26,[]
893,MDX,195.60.82.128/26,[]
893,NaWas,"194.62.128.0/24, 2001:67c:608::/64",[]
1364,GRX,103.247.138.160/27,[]
1364,IPX,103.247.138.192/27,[]
1364,IPX-Diameter,103.247.138.224/27,[]
1364,ISP,"103.247.139.0/25, 2001:df0:296::/64",[]
1364,sFlow,,[]
1242,GRX,,[]
1242,IPX,200.0.21.192/28,[]
1242,IPX-Diameter,,[]
1242,ISP,"200.0.20.0/24, 2001:13c7:6004::/64",[]
1203,ISP,"2001:e48:44:100b::/64, 223.31.200.0/24",[]
323,ISP,"2001:504:3d:1::/64, 206.41.106.0/24",[]
1151,ISP,"2001:504:38:1::/64, 206.108.115.0/24",[]
488,ISP,"2001:504:34:1::/64, 206.126.240.0/24",[]
586,Peering LAN,"170.82.113.0/24, 2803:C2C0::/48",[]
920,Standard Peering Service ASEAN,"103.162.254.0/24, 2001:df6:480::/64",[]
981,Standard Peering Service SEECIX,"185.1.172.0/24, 2001:7f8:f5::/64",[]
443,PublicPeering,"185.1.2.0/24, 2001:7f8:81::/64",[]
737,BALT-IX Peering LAN,"2001:1ab8:8486::/64, 77.241.206.0/24",[]
2,ixp-bkk,"2001:df5:b881::/64, 203.159.68.0/23",[]
2,ixp-bkk-v6n,2001:deb:0:68::/64,[]
1214,ixp-cmi,"2001:df5:b881:1::/64, 203.159.67.0/26",[]
61,AIX LAN1,43.254.82.0/23,[]
356,BatamIX Jakarta,"2402:d680:1000:4::/64, 27.124.87.0/24",[]
1031,BCIX Peering LAN,"193.178.185.0/24, 2001:7f8:19:1::/64",[]
1020,Standard Peering Service Barcelona,"185.1.119.0/24, 2001:7f8:10a::/64",[]
1211,VLAN#1,"185.1.136.0/24, 185.1.136.0/24, 2001:7f8:da::/64, 2001:7f8:da::/64",[]
1402,BFIX Bobo-Dioulasso,196.60.76.0/24,[]
619,BFIX Ouagadougou,"196.223.47.0/24, 2001:43f8:b60::/64",[]
1032,10,193.188.137.0/24,[]
1032,11,2001:07f8:35::/48,[]
532,Peering VLAN,"193.169.198.0/23, 2001:7f8:58::/64",[]
533,Peering,"194.53.172.0/24, 2001:7f8:26::/64",[]
412,Standard Peering Service Borneo-IX,"103.162.82.0/24, 2001:df6:1a80::/64",[]
202,CINX-DATA,"196.223.22.0/23, 2001:43f8:1f1::0/64",[]
531,Peering LAN1,"193.242.98.0/24, 2001:7F8:2A::/48",[]
1359,Charlotte,"2001:504:78::/64, 206.71.143.0/24",[]
746,,,[]
238,Peering,"201.131.206.0/24, 2806:239:206::/64",[]
239,City-IX Frankfurt,"185.0.10.0/24, 2001:7f8:e2::/64",[]
240,,,[]
242,cixvlan1,"185.1.87.0/24, 2001:7f8:28::/64",[]
243,Primary peering LAN,"192.65.185.0/24, 2001:7f8:1C:24A::/64",[]
241,COIX LAN1,"149.112.8.0/24, 2001:504:101::/64",[]
126,VLAN1,"103.7.144.0/25, 2001:de8:1d::/64",[]
721,,206.223.143.0/24,[]
969,,91.194.162.0/24,[]
908,Peering,200.107.83.0/24,[]
1038,Vancouver LAN 1,"2001:504:9c::/64, 206.83.46.0/24",[]
1405,Dallas,"2001:504:75::/64, 206.71.139.0/24",[]
913,DataIX,"178.18.224.0/22, 2a03:5f80:4::0/64",[]
913,DataIX-EU,"178.18.236.0/22, 2a03:5f80:4:2::0/64",[]
913,DataIX-KZ,"178.18.235.0/24, 2a03:5f80:4:4::0/64",[]
913,DataIX-UA,"178.18.230.0/24, 2a03:5f80:7::0/64",[]
913,DataIX-Ural,"178.18.233.0/24, 2a03:5f80:4:1::0/64",[]
372,IXP-Peering,"193.201.151.64/26, 2001:7f8:79::/64",[]
940,MAA Peering LAN,"103.228.174.0/24, 2400:d180:68::0/64",[]
695,DEL Peering LAN,"103.27.168.0/24, 2400:d180:67::0/64",[]
1328,BLR Peering LAN,"103.184.199.0/24, 2400:d180:73::0/64",[]
1329,HYD Peering LAN,"103.184.198.0/24, 2400:d180:72::0/64",[]
879,CCU Peering LAN,"103.228.172.0/24, 2400:d180:69::0/64",[]
564,BOM Peering LAN,"103.27.170.0/23, 2401:7500:fff6::0/64",[]
1262,DEN01 Peering Lan 01,"149.112.18.0/24, 2001:504:109::/64",[]
287,Standard Peering Service Dallas,"2001:504:61::/64, 206.53.202.0/24",[]
932,,"192.38.7.0/24, 2001:7f8:1f::/64",[]
291,DOIX-PEERING-LAN,"185.1.18.0/24, 2001:67c:2b9c::/64",[]
197,Standard Peering Service Ruhr-CIX,"185.1.197.0/24, 2001:7f8:106::/64",[]
741,DINX-DATA,"196.223.30.0/23, 2001:43f8:1f2::0/64",[]
766,Standard Peering Service Dusseldorf,"185.1.170.0/23, 2001:7f8:9e::/64",[]
587,Standard Peering Service UAE-IX,"185.1.8.0/24, 2001:7f8:73::/64",[]
892,Main VLAN,2602:fed2:7706::/64,[]
1144,EdgeIX-Adelaide,"103.136.101.0/25, 2001:df0:680:2::/64",[]
1344,EdgeIX-Auckland,"103.180.190.0/24, 2001:df0:680:11::/64",[]
904,EdgeIX-Brisbane,"103.136.103.0/24, 2001:df0:680:4::/64",[]
845,EdgeIX-Hobart,"103.136.100.128/25, 2001:df0:680:1::/64",[]
590,EdgeIX-Darwin,"103.136.100.0/25, 2001:df0:680::/64",[]
366,EdgeIX Melbourne,"2001:df0:680:6::/64, 202.77.90.0/23",[]
601,EdgeIX-Perth,"103.136.102.0/24, 2001:df0:680:3::/64",[]
51,EdgeIX-Singapore,"103.77.68.0/23, 2001:df0:680:10::/64",[]
1301,EdgeIX-Sydney,"2001:df0:680:5::/64, 202.77.88.0/23",[]
1298,EIX Delhi Members,"2001:df2:1900:1::/64, 2001:df2:1900:1::/64, 45.120.248.0/24, 45.120.248.0/24",[]
1296,EIX Chennai Members,"2001:df2:1900:3::/64, 2001:df2:1900:3::/64, 45.120.251.0/24, 45.120.251.0/24",[]
991,EIX Hyderabad Members,"103.77.110.0/24, 103.77.110.0/24, 2001:df2:1900:4::/64, 2001:df2:1900:4::/64",[]
1300,EIX Mumbai Members,"103.77.108.0/23, 103.77.108.0/23, 2001:df2:1900:2::/64, 2001:df2:1900:2::/64",[]
1245,EIX Kolkata Members,"2001:df2:1900:5::/64, 2001:df2:1900:5::/64, 45.120.249.0/24, 45.120.249.0/24",[]
1303,ISP,"194.226.100.0/23, 2001:7f8:20:201::/64",[]
1303,ISP,"194.226.102.0/23, 2001:7f8:20:202::/64",[]
1303,ISP,"194.85.107.0/24, 2001:7f8:20:301::/64",[]
1303,ISP,"193.232.87.0/24, 2001:7f8:20:401::/64",[]
1303,ISP,"195.208.208.0/21, 2001:7f8:20:101::/64",[]
1302,KAT.OpenPeering,"178.216.40.0/21, 2001:7f8:5b::/64",[]
1299,KAT.OpenPeering,"2001:678:3ac::/48, 89.46.144.0/21",[]
802,99,195.42.144.0/23,[]
1244,3,194.42.48.0/25,[]
21,,195.182.218.0/23,[]
917,,,[]
109,ERA-IX,"185.1.240.0/24, 2001:7f8:12a::/64",[]
905,,,[]
1350,4,193.110.226.0/24,[]
1350,6,2001:7f8:7::/64,[]
147,4,193.110.224.0/22,[]
147,6,2001:7f8::/48,[]
812,4,193.110.225.0/24,[]
812,6,2001:7f8:7:2::/64,[]
545,Peering VLAN,"206.81.104.0/0, 2602:fed2:fff:ffff::/0",[]
1131,FIX Berlin,"185.0.32.0/24, 2001:7f8:14b::/64",[]
855,,,[]
907,Standard Peering Service Frankfurt,"2001:7f8::/64, 80.81.192.0/21",[]
556,,"2001:7f8:47:47::/64, 77.95.71.0/24",[]
1373,Peering,"2001:7f8:54:5::/64, 37.49.232.0/24",[]
1120,Peering,"2001:7f8:54::/64, 37.49.236.0/22",[]
1062,Peering VLAN,"185.1.203.0/24, 2001:7f8:10f::/64",[]
1063,Peering Vlan,196.223.39.0/24,[]
1107,Peering VLAN #1,"193.136.250.0/24, 2001:7F8:A:1::/64",[]
1107,Peering VLAN #2,"193.136.251.0/26, 2001:7F8:A:2::/64",[]
1107,Peering VLAN Porto,"193.136.251.96/27, 2001:7F8:A:11::/64",[]
1064,191,196.201.2.0/24,[]
1064,194,196.49.14.0/24,[]
1065,GRIX,"176.126.38.0/25, 2001:7f8:6e::/64",[]
1099,THESS-PEERING-LAN,"185.1.123.0/25, 2001:7f8:ce::/64",[]
1113,Standard Peering Service Hamburg,"185.1.210.0/23, 2001:7f8:3d::/64",[]
1066,HIX,"196.60.44.0/24, 2001:43f8:310::0/64",[]
1100,Houston,"2001:504:74::/64, 206.71.138.0/24",[]
1115,INEX LAN1,"185.6.36.0/23, 2001:7f8:18::/64",[]
1067,INEX LAN2,"194.88.240.0/25, 194.88.240.0/25, 2001:7f8:18:12::/64, 2001:7f8:18:12::/64",[]
1098,INEX Cork,"185.1.69.0/24, 185.1.69.0/24, 2001:7f8:18:210::/64, 2001:7f8:18:210::/64",[]
1102,Peering LAN,"185.1.205.0/24, 2001:7f8:111:42::/64",[]
1127,INIXP Asia,"103.115.3.0/24, 2401:3fa0::/64",[]
1127,INIXP Asia Remote Sapporo,2401:3fa0:1::/64,[]
1105,VLAN1,2407:c280:aaaa:5000::/64,[]
1375,VLAN1,2407:c280:aaaa:4000::/64,[]
1122,VLAN1,2407:c280:aaaa:2600::/64,[]
1114,VLAN1,2407:c280:aaaa:7000::/64,[]
1068,Peering LAN,"179.0.201.2/24, 2801:17:c000:201::/64",[]
1116,VLAN1,2407:c280:aaaa:6000::/64,[]
1069,VLAN1,2407:c280:aaaa:2000::/64,[]
1070,Peering VLAN,"185.1.240.0/24, 2001:7f8:134::/48",[]
1071,VLAN1,2407:c280:aaaa:3000::/64,[]
1072,InterLAN-IX,"2001:7f8:64:225::/64, 86.104.125.0/24",[]
1073,Standard Peering Service Istanbul,"185.1.48.0/24, 2001:7f8:3f::/64",[]
1125,,103.74.224.0/24,[]
1074,Peering LAN,45.68.56.0/24,[]
1075,,"185.1.71.0/25, 185.1.71.128/25, 2001:7f8:a2:8000::/50",[]
1106,IX-AKL,"2001:dea:0:40::/64, 43.243.22.0/23",[]
1076,IX-BER,"194.9.117.0/24, 2001:7f8:8:5::/64",[]
1077,IX-ATL,"206.53.169.128/26, 2606:a980:0:a::/64",[]
1117,IX-ADL,"103.48.48.0/25, 2001:dea:0:60::/64",[]
1078,IX-ASH,"206.53.170.0/24, 2606:a980:0:3::/64",[]
1079,IX-BNE,"103.26.70.0/24, 2001:dea:0:20::/64",[]
1376,IX-CHI,"206.53.206.0/25, 2606:a980:0:d::/64",[]
1103,IX-CLT,"206.53.169.0/26, 2606:a980:0:6::/64",[]
1112,Peering LAN,"2801:135:1::/64, 45.68.52.0/24",[]
1080,IX-DUS,"194.146.118.0/24, 2001:7f8:8::/64",[]
1128,IX-DAL,"206.53.174.0/24, 2606:a980:0:7::/64",[]
1123,IX-HAM,"193.42.155.0/24, 2001:7f8:8:10::/64",[]
1108,IX-LAS,"206.53.205.0/24, 2606:a980:0:9::/64",[]
1081,IX-FRA,"2001:7f8:8:20::/64, 62.69.146.0/23",[]
1082,Public Peering,"2001:504:58::0/64, 206.53.175.0/24",[]
1083,IX-LAX,"206.53.172.0/24, 2606:a980:0:5::/64",[]
1084,IX-MEL,"103.26.71.0/24, 2001:dea:0:30::/64",[]
1129,IX-MIA,"206.53.168.0/26, 2606:a980:0:b::/64",[]
1101,IX-MUC,"194.59.190.0/24, 2001:7f8:2c:1000::/64",[]
1085,IX-PER,"2001:dea:0:50::/64, 202.12.243.0/24",[]
1119,IX-NYC,"206.53.173.0/25, 2606:a980:0:2::/64",[]
1104,IX-SEA,"206.53.171.0/24, 2606:a980:0:4::/64",[]
1130,IX-SJC,"206.53.206.128/25, 2606:a980:0:e::/64",[]
1124,IX-SIN,"103.41.12.0/22, 2001:ded::/64",[]
1086,IX-SOF,"2001:7f8:9f::/64, 91.212.235.0/24",[]
1118,IX-SYD,"103.26.68.0/23, 2001:dea:0:10::/64",[]
1126,IX-TOR,"206.53.203.0/24, 2606:a980:0:8::/64",[]
1087,CITRA,"194.54.136.0/24, 2a0c:c9c0::/48",[]
1121,IX42 Las Vegas VLAN,2a0e:b107:b7a::/64,[]
1111,Peering LAN,"2801:182:132::/64, 45.184.132.0/24",[]
1088,Peering,"201.131.204.0/24, 2806:239::/48",[]
1089,ABJ-PEERING,"196.216.150.0/25, 2001:43f8:bb1:150::/64",[]
1090,KANO-PEERING,"196.216.150.128/25, 2001:43f8:bb1:150::/64",[]
1091,PHC-PEERING,"196.216.151.0/24, 2001:43f8:bb1:151::/64",[]
1109,LOS-PEERING-LAN,"196.216.148.0/24, 2001:43f8:bb1::/64",[]
1092,Peering LAN,"2001:1320:cafe::/48, 201.217.14.0/24",[]
1093,Peering LAN,"168.243.16.0/24, 2800:90:16::/64",[]
1110,Peering LAN,"2806:30c:2021:110::/64, 45.164.110.0/24",[]
1094,,,[]
1095,Standard Peering Johor Bahru,"103.119.235.0/24, 2403:4ac0:2::/64",[]
1096,JINX-DATA,"196.60.96.0/23, 2001:43f8:1f0::0/64",[]
1096,JINX-VOICE,196.223.15.0/24,[]
1389,,"210.173.176.0/24, 210.173.178.0/25, 218.100.45.0/24",[]
748,Peering,"196.223.25.0/24, 2001:43f8:130::/64",[]
246,IXP-VLAN,"185.79.213.0/24, 2a01:7640:9400::/64",[]
203,,,[]
358,KIXP1,"196.223.21.0/24, 2001:43f8:60:1::/64",[]
12,Icolo Mombasa peering vlan,"196.60.68.0/24, 2001:43F8:C0:1::/64",[]
192,KleyReX Peering LAN,"193.189.82.0/23, 193.189.82.0/23, 2001:7f8:33::/64, 2001:7f8:33::/64",[]
1315,,,[]
1316,ISP,"194.190.119.0/24, 2001:7f8:20:801::/64",[]
1313,Standard Peering Kuala Lumpur,"103.119.234.0/24, 2403:4ac0:1::/64",[]
1314,MTU 1500,"149.112.26.0/24, 2a0f:607:1070::/64",[]
1312,Main,"195.66.236.0/22, 2001:7f8:4:1::/64",[]
40,LasVegas,"2001:504:68::/64, 206.71.8.0/24",[]
286,Main,"195.66.224.0/21, 2001:7f8:4::/64",[]
286,Multicast,195.66.230.0/26,[]
4,Main,"195.66.244.0/24, 2001:7f8:4:2::/64",[]
273,Main,"2001:504:31::/64, 206.55.196.0/23",[]
407,Main,"195.66.246.0/24, 2001:7f8:4:3::/64",[]
588,Main,"195.66.254.0/24, 2001:7f8:4:4::/64",[]
672,Peering LAN1,"196.60.122.0/24, 2001:43f8:1720::/48",[]
404,Standard Peering Service Lisbon,"185.1.131.0/24, 2001:7f8:d5::/64",[]
620,LocIX Internet Exchange,"185.1.166.0/23, 185.1.166.0/23, 185.1.166.0/23, 2001:7f8:f2:e1::/64, 2001:7f8:f2:e1::/64, 2001:7f8:f2:e1::/64",[]
915,Locix NL,"185.1.138.0/24, 2a0c:b641:700::/64",[]
279,LONAP Peering LAN #1,"2001:7f8:17::/64, 5.57.80.0/22",[]
206,Standard Peering Service Madrid,"185.1.192.0/23, 2001:7f8:a0::/64",[]
1305,Peering VLAN,"185.1.32.0/24, 2001:7f8:8f::/64",[]
1306,LU-CIX Peering,"188.93.170.0/23, 2001:7f8:4c::/64",[]
984,,,[]
209,Standard Peering Service Malaysia,"103.119.232.0/23, 2403:4ac0::/64",[]
11,,,[]
697,Peering LAN,206.71.142.0/24,[]
1178,Peering LAN,"185.1.114.0/24, 2001:7f8:c5::/64",[]
1270,MIX Palermo,"185.1.186.0/24, 2001:7f8:101:7::/64",[]
857,MIX Bologna,"185.1.231.0/24, 2001:7f8:101:13::/64",[]
921,MIX Roma,"185.188.83.0/24, 2001:7f8:101:14::/64",[]
852,MIX-IT,"2001:7f8:b:100::/64, 217.29.66.0/23",[]
127,,"185.1.44.0/24, 2001:7f8:22::/48",[]
149,Standard Peering Service Marseille,"185.1.47.0/24, 2001:7f8:36::/64",[]
582,ISP,"193.232.87.0/24, 2001:7f8:20:401::/64",[]
582,ISP,"194.85.107.0/24, 2001:7f8:20:301::/64",[]
582,ISP,"195.208.208.0/21, 2001:7f8:20:101::/64",[]
582,ISP,"193.232.136.0/24, 2001:7f8:20:701::/64",[]
582,ISP,"194.190.119.0/24, 2001:7f8:20:801::/64",[]
582,ISP,"194.226.100.0/23, 2001:7f8:20:201::/64",[]
582,ISP,"194.226.102.0/23, 2001:7f8:20:202::/64",[]
582,ISP,"193.232.140.0/24, 2001:7f8:20:501::/64",[]
585,Nashville,"149.112.15.0/24, 2001:504:107::/64",[]
1372,Standard Peering Service Munich,"185.1.208.0/23, 2001:7f8:44::/64",[]
1275,Namex Bari Public Peering,"185.1.218.0/24, 2001:7f8:11b::/64",[]
947,Namex Roma Public Peering,"193.201.28.0/23, 2001:7f8:10::/64",[]
1390,VLAN100-PEERING-IPv4,45.68.88.0/24,[]
1390,VLAN101-PEERING-IPv6,2801:18d::/64,[]
1294,NAPEC-UIO PRODUCCION,"200.1.6.0/25, 2001:13C7:6006:0000::/64",[]
1183,NAPEC-GYE PRODUCCION,"200.110.120.0/25, 2001:13C7:6F80:0000::/64",[]
1234,NAPAfrica DB1 Peering,"196.10.141.0/24, 196.10.141.0/24, 2001:43f8:6d2::/64, 2001:43f8:6d2::/64",[]
205,NAPAfrica JB1 Peering,"196.60.8.0/22, 196.60.8.0/22, 2001:43f8:6d0::/64, 2001:43f8:6d0::/64",[]
28,,,[]
496,NCL-IX,"185.1.195.0/24, 2001:7f8:34::/64",[]
496,NCL-IX Quarantine,"185.1.195.0/24, 2001:7f8:34::/64",[]
684,ISP,"185.1.226.0/0, 2001:67c:29f0::/0",[]
7,IX-CPH-BLUE-9000,"2001:7f8:d:202::/64/64, 212.237.192.0/24/24",[]
7,IX-CPH-GREEN-9000,"2001:7f8:d:203::/64/64, 212.237.193.0/24/24",[]
7,IX-STH-BLUE-1500,"194.68.128.0/24/24, 2001:7f8:d:fe::/64/64",[]
7,IX-STH-BLUE-4470,"195.69.119.0/24/24, 2001:7f8:d:fb::/64/64",[]
7,IX-STH-GREEN-1500,"194.68.123.0/24/24, 2001:7f8:d:ff::/64/64",[]
7,IX-STH-GREEN-4470,"195.245.240.0/24/24, 2001:7f8:d:fc::/64/64",[]
1368,IX-GBG-BLUE-1500,"194.68.130.0/24/24, 2001:7f8:d:100::/64/64",[]
1368,IX-GBG-BLUE-4470,"195.69.116.0/24/24, 2001:7f8:d:101::/64/64",[]
1366,IX-STH-BLUE-1500,"194.68.128.0/24/24, 2001:7f8:d:fe::/64/64",[]
1366,IX-STH-BLUE-4470,"195.69.119.0/24/24, 2001:7f8:d:fb::/64/64",[]
1366,IX-STH-GREEN-1500,"194.68.123.0/24/24, 2001:7f8:d:ff::/64/64",[]
1366,IX-STH-GREEN-4470,"195.245.240.0/24/24, 2001:7f8:d:fc::/64/64",[]
1366,NETNOD-HELSINKI-IX-BLUE-9K,"185.1.230.0/25/25, 2001:7f8:122::/49/49",[]
1366,NETNOD-HELSINKI-IX-GREEN-9K,"185.1.230.128/25/25, 2001:7f8:122:8000::/49/49",[]
1367,IX-LUL-BLUE-9000,"194.68.131.64/26/26, 2001:7f8:d:400::/64/64",[]
457,IX-CPH-BLUE-9000,"2001:7f8:d:202::/64/64, 212.237.192.0/24/24",[]
457,IX-CPH-GREEN-9000,"2001:7f8:d:203::/64/64, 212.237.193.0/24/24",[]
457,IX-GBG-BLUE-1500,"194.68.130.0/24/24, 2001:7f8:d:100::/64/64",[]
457,IX-GBG-BLUE-4470,"195.69.116.0/24/24, 2001:7f8:d:101::/64/64",[]
457,IX-STH-BLUE-1500,"194.68.128.0/24/24, 2001:7f8:d:fe::/64/64",[]
457,IX-STH-BLUE-4470,"195.69.119.0/24/24, 2001:7f8:d:fb::/64/64",[]
457,IX-STH-GREEN-1500,"194.68.123.0/24/24, 2001:7f8:d:ff::/64/64",[]
457,IX-STH-GREEN-4470,"195.245.240.0/24/24, 2001:7f8:d:fc::/64/64",[]
457,IX-SVL-BLUE-1500,"194.68.133.0/24/24, 2001:7f8:d:300::/64/64",[]
457,IX-SVL-BLUE-4470,"194.68.135.0/24/24, 2001:7f8:d:301::/64/64",[]
457,NETNOD-HELSINKI-IX-BLUE-9K,"185.1.230.0/25/25, 2001:7f8:122::/49/49",[]
604,IX-LUL-BLUE-9000,"194.68.131.64/26/26, 2001:7f8:d:400::/64/64",[]
604,IX-STH-BLUE-1500,"194.68.128.0/24/24, 2001:7f8:d:fe::/64/64",[]
604,IX-STH-BLUE-4470,"195.69.119.0/24/24, 2001:7f8:d:fb::/64/64",[]
604,IX-STH-GREEN-1500,"194.68.123.0/24/24, 2001:7f8:d:ff::/64/64",[]
604,IX-STH-GREEN-4470,"195.245.240.0/24/24, 2001:7f8:d:fc::/64/64",[]
604,IX-SVL-BLUE-1500,"194.68.133.0/24/24, 2001:7f8:d:300::/64/64",[]
604,IX-SVL-BLUE-4470,"194.68.135.0/24/24, 2001:7f8:d:301::/64/64",[]
432,Peering LAN,45.68.68.0/24,[]
696,NIX-Service,"103.146.134.0/24, 2001:df2:6080:e::/64",[]
477,Peering VLAN,"2001:7f8:14::/64, 91.210.16.0/22",[]
747,,193.156.90.0/24,[]
1406,Peering VLAN,"194.30.187.0/24, 2001:7f8:91::/48",[]
1229,,218.100.48.0/23,[]
257,NL-ix,"193.239.116.0/22, 2001:7f8:13::/64",[]
52,Norfolk,"149.112.14.0/24, 2001:504:106::/64",[]
186,NL-ix 2,"185.1.122.0/24, 2001:7f8:cd::/64",[]
541,nnenix:multi-lateral,"2001:504:76:1020::/64, 206.71.140.0/24",[]
882,ISP,"194.226.100.0/23, 2001:7f8:20:201::/64",[]
882,ISP,"194.226.102.0/23, 2001:7f8:20:202::/64",[]
882,ISP,"193.232.140.0/24, 2001:7f8:20:501::/64",[]
882,ISP,"195.208.208.0/21, 2001:7f8:20:101::/64",[]
882,ISP,"194.85.107.0/24, 2001:7f8:20:301::/64",[]
882,ISP,"193.232.87.0/24, 2001:7f8:20:401::/64",[]
1177,,,[]
1188,NWAX-A,"198.32.195.0/24, 2620:124:2000::/64",[]
1187,Standard Peering Service New York,"2001:504:36::/64, 206.82.104.0/22",[]
73,OGIX-IXP,"2001:504:96::/64, 206.82.110.0/23",[]
640,Ohio IX Public Peering LAN,"2001:504:64:100::/64, 2001:504:64:100::/64, 206.53.204.0/24, 206.53.204.0/24",[]
640,Ohio IX Services,"134.195.207.0/24, 2602:fd28::/36",[]
643,Core,"149.112.50.0/24, 2001:504:125:e1::/64",[]
353,Standard Peering Service Chicago,"149.112.11.0/24, 2001:504:102::/64",[]
639,,,[]
642,Peering.cz VLAN,"185.0.20.0/0, 2001:7f8:7f::/0",[]
641,NAPAfrica CT1 Peering,"196.60.70.0/23, 196.60.70.0/23, 2001:43f8:6d1::/64, 2001:43f8:6d1::/64",[]
641,NAPAfrica MAPS Cape Town,196.46.25.0/25,[]
644,Phoenix,"2001:504:3b::/64, 206.41.105.0/24",[]
1331,Peering,168.234.79.0/24,[]
1331,Quarantine,168.234.79.0/24,[]
1330,Peering LAN,"2801:11:a800::/64, 45.68.0.0/24",[]
1332,Peering,"2801:19:7800:2::/64, 45.68.60.0/24",[]
1332,Peering_RS2,"2801:19:7800:8000::/64, 45.68.61.0/24",[]
922,fra,31.44.186.0/23,[]
922,hls,193.27.37.0/24,[]
922,msk,185.0.12.0/22,[]
922,rix,193.27.39.0/24,[]
922,rnd,193.27.38.0/24,[]
922,spb,185.1.152.0/23,[]
922,tll,37.9.49.0/24,[]
1060,Peering LAN #1 - 1500,"2001:504:77::/64, 206.71.141.0/24",[]
1056,PEERING,"100.128.0.0/24, 2001:db8::/64",[]
1057,Standard Peering Service Palermo,"185.1.46.0/24, 2001:7f8:32::/64",[]
1058,,,[]
522,,,[]
1284,QCIX Main,206.83.43.0/24,[]
567,Public Peering,"198.179.18.0/24, 2001:504:2d::18:0/111",[]
1363,Peering,"185.1.232.0/24, 2001:7f8:123::/64",[]
1339,Raleigh,"2001:504:67::/64, 206.71.9.0/24",[]
860,PEERING,"2001:7f8:66::/64, 91.232.229.0/24",[]
860,QUARANTINE,"2001:7f8:66::/64, 91.232.229.0/24",[]
688,Standard Peering Service Richmond,"2001:504:44::/64, 206.53.137.0/24",[]
1246,Richmond,"2001:504:79::/64, 206.80.232.0/24",[]
1173,RIX,"195.130.211.0/26, 2001:7f8:48::/64",[]
1181,ISP,"194.226.100.0/23, 2001:7f8:20:201::/64",[]
1181,ISP,"194.226.102.0/23, 2001:7f8:20:202::/64",[]
1181,ISP,"193.232.244.0/24, 2001:7f8:20:1101::/64",[]
1181,ISP,"195.208.208.0/21, 2001:7f8:20:101::/64",[]
1174,ISP,"193.232.140.0/24, 2001:7f8:20:501::/64",[]
1174,ISP,"195.208.208.0/21, 2001:7f8:20:101::/64",[]
1238,,,[]
1261,,217.156.113.0/24,[]
689,vLan101,"185.1.179.0/24, 185.1.179.0/24, 2001:7f8:fc:3f::/64, 2001:7f8:fc:3f::/64",[]
1172,Sacramento,"2001:504:70::/64, 206.71.13.0/24",[]
1155,,,[]
1401,Production,"185.1.148.0/24, 2001:7f8:140::/64",[]
634,STIX Peering,"2801:1f5::/64, 45.68.40.0/24",[]
1171,,"185.1.43.0/24, 2001:7f8:11::/64",[]
1170,,,[]
1030,SBH-IX public peering LAN,"149.112.32.0/24, 2001:504:118::/64",[]
943,,194.68.129.0/24,[]
1340,SFMIX-PEERING,"2001:504:30::/64, 206.197.187.0/24",[]
662,Production,"103.16.102.0/23, 2001:de8:12:0100::/64",[]
580,,192.108.145.0/24,[]
1189,,"2001:7f8:46::/48, 91.220.194.254/24",[]
1338,SIX,"192.108.148.0/24, 192.108.148.0/24, 2001:7F8:2F::/64, 2001:7F8:2F::/64",[]
56,MTU 9000 & multicast,"2001:504:16:1::/64, 206.81.82.0/23",[]
229,MTU 1500,"2001:504:16::/64, 206.81.80.0/23",[]
230,VLAN1,2a0e:b107:316::/64,[]
231,ISP,"193.232.135.0/24, 2001:7f8:20:601::/64",[]
253,SONIX Malmo,"193.201.148.128/26, 2001:7f8:117:2::/64",[]
1304,SONIX Gothenburg,"185.1.233.0/24, 2001:7f8:117:1::/64",[]
29,SONIX Stockholm,"185.1.215.0/24, 2001:7f8:117::/64",[]
441,ISP,"195.208.208.0/21, 2001:7f8:20:101::/64",[]
441,ISP,"194.85.107.0/24, 2001:7f8:20:301::/64",[]
441,ISP,"193.232.87.0/24, 2001:7f8:20:401::/64",[]
441,ISP,"193.232.140.0/24, 2001:7f8:20:501::/64",[]
441,ISP,"194.226.100.0/23, 2001:7f8:20:201::/64",[]
441,ISP,"194.226.102.0/23, 2001:7f8:20:202::/64",[]
1185,SR-IX,"185.54.252.0/24, 2A00:7160:5::/64",[]
549,SpeedIX,"185.12.14.0/24, 2A00:1CA8:FF::/64",[]
978,CPH-PEERING,"185.1.88.0/24, 2001:7f8:b0::/64",[]
322,GBG-PEERING,"185.1.82.0/24, 2001:7f8:ad::/64",[]
463,STH-PEERING,"192.121.80.0/24, 192.121.80.0/24, 2001:7f8:3e::/64, 2001:7f8:3e::/64",[]
1371,SDL-PEERING,"185.1.142.0/24, 2001:7f8:dd::/64",[]
270,UME-PEERING,"185.1.157.0/24, 2001:7f8:e9::/64",[]
939,ISP,"194.85.177.0/25, 2001:7f8:20:901::/64",[]
198,Public,"2001:504:98::0/64, 206.83.12.0/24",[]
910,Production Ready VLAN,"103.158.187.0/24, 2a0f:5707:ffe3::/64",[]
487,Peering VLAN,"2001:7f8:24::/64, 91.206.52.0/23",[]
565,default,"185.1.79.0/24, 2001:7f8:aa::/64",[]
373,,,[]
810,Peering LAN,"2001:504:60::/64, 2001:504:60::/64, 206.53.201.0/24, 206.53.201.0/24",[]
485,SCAX-IX,"149.112.103.0/24, 2001:504:13D::/64",[]
835,Vlan#1,"185.1.29.0/24, 185.1.29.0/24, 2001:7f8:8a::/64, 2001:7f8:8a::/64",[]
1232,Internet - PWR Thinx (Openpeering.PL),"2001:7f8:60::/48, 212.91.0.0/22",[]
839,,"196.223.5.0/24, 2001:43f8::/64",[]
837,Peering LAN,"194.116.96.0/24, 2001:7f8:23:ffff::/64",[]
836,Public Peering,"2001:504:1A::34:0/111, 206.108.34.0/23",[]
841,TR-IX Denizli,"185.1.158.0/24, 2001:7f8:ea::/64",[]
838,OpenPeering,"195.149.232.0/22, 2001:7f8:27::/48",[]
838,quarantine,195.149.232.0/22,[]
1169,TBD,181.188.0.240/28,[]
840,Unicast Peering,"195.140.192.0/24, 2001:7f8:1d:4::/64",[]
1236,TTPL Peering VLAN,"103.129.62.0/26, 2001:dea:4000::/64",[]
1051,Tucson,"2001:504:71::/64, 206.71.14.0/24",[]
772,UEPG IX MLPA,"2801:80:37a0::/64, 45.186.143.0/24",[]
683,,"195.35.65.0/24, 2001:7F8:5D::/116",[]
773,Public,"185.1.19.0/26, 2001:7f8:7d::/64",[]
771,,,[]
694,ISP,"193.232.136.0/24, 2001:7f8:20:701::/64",[]
169,VSIX Peering,185.1.115.0/24,[]
1192,,,[]
1388,,,[]
1147,,"2001:504:2f::/64, 206.126.225.0/24",[]
